Workbook

Sheet 2026
A1: DAFTAR URUT KEPEGAWAIAN
A2: UPTD PUSKESMAS KUNJANG
A3: PER 14 Januari 2026
A6: NO | B6: NAMA | C6: NIP / NIK | D6: GOL | E6: JENIS ASN | F6: TMT GOL | G6: NAMA JABATAN | H6: TMT JABATAN | I6: E | J6: THN | K6: BLN | L6: MK JABATAN | M6: PENDIDIKAN | N6: KETERANGAN | O6: TEMPAT TANGGAL LAHIR | P6: AGAMA | Q6: KET
A7: 1 | B7: dr.Durotun Nafisa | C7: 19750423 200212 2 005 | D7: Ivc | E7: PNS | F7: 44835 | G7: Dokter Ahli Madya | H7: 24/8/2016 | I7: IV/c | J7: 22 | K7: 0 | L7: 9 Thn 5 Bln | M7: S1 | N7: Dokter Umum Th 1999 | O7: Kediri, 23-04-1975 | P7: Islam | Q7: Dr.durotun Nafisa
A8: 2 | B8: drg. Putri Emyta Sari | C8: 19810604 200902 2 004 | D8: Ivb | E8: PNS | F8: 45017 | G8: Dokter Gigi Ahli Madya | H8: 45017 | I8: - | J8: 13 | K8: 5 | L8: 2 Thn 9 Bln | M8: S1 | N8: FKG Th. 2006 | O8: Kediri, 04-06-1981 | P8: Islam | Q8: Drg. Putri Emyta Sari
A9: 3 | B9: Setya Budi, Amd., Kep | C9: 19700508 199203 1 003 | D9: IIId | E9: PNS | F9: 42278 | G9: Perawat Ahli pertama | H9: 42014 | I9: - | J9: 25 | K9: 4 | L9: 10 Thn 3 Bln | M9: D III | N9: AKPER Thn 2004 | O9: Kediri, 08-05-1970 | P9: Islam | Q9: Setya Budi, Amd., Kep
A10: 4 | B10: Luluk Listyaningsih,AMG | C10: 19691030 199203 2 008 | D10: IIId | E10: PNS | F10: 42644 | G10: Nutrisionis Penyelia | H10: 42379 | I10: - | J10: 25 | K10: 4 | L10: 9 Thn 3 Bln | M10: D III | N10: AKZI Thn 2003 | O10: Kediri, 30-10-1969 | P10: Islam | Q10: Luluk Listyaningsih,amg
A11: 5 | B11: Yuanendah, SST. | C11: 19710125 199203 2 010 | D11: IIId | E11: PNS | F11: 44470 | G11: Bidan Ahli Muda | H11: 42594 | I11: - | J11: 25 | K11: 4 | L11: 9 Thn 1 Bln | M11: D IV | N11: Bidan Pendidik Thn 2013 | O11: Kediri, 25-01-1971 | P11: Islam | Q11: Yuanendah, Sst.
A12: 6 | B12: Daril Rahmatullah, S. Farm. | C12: 19810704 200901 1 004 | D12: Iva | E12: PNS | F12: 45627 | G12: Apoteker Ahli Madya | H12: 45544 | I12: - | J12: 15 | K12: 11 | L12: 1 Thn 4 Bln | M12: S1 | N12: Apoteker Thn 2005 | O12: Nganjuk, 04-07-1981 | P12: Islam | Q12: Daril Rahmatullah, S. Farm.
A13: 7 | B13: Fitri Ariani Isnaningtyas, Amd.AK | C13: 19780908 199903 2 001 | D13: IIId | E13: PNS | F13: 45870 | G13: Pranata Labkes Pelaksana Penyelia | H13: 45545 | I13: - | J13: 21 | K13: 5 | L13: - | M13: D III | N13: Anls Kesh Thn 2009 | O13: Kediri, 08-09-1978 | P13: Islam | Q13: Fitri Ariani Isnaningtyas, Amd.ak
A14: 8 | B14: Rinda Ari Puspita, Amd. KG | C14: 19871127 201001 2 008 | D14: IIIb | E14: PNS | F14: 44652 | G14: Terapis Gigi dan Mulut Mahir | H14: 1/42022 | I14: - | J14: 10 | K14: 5 | L14: 3 Thn 9 Bln | M14: D III | N14: Kesh.Gigi Thn 2009 | O14: Jombang, 27-11-1987 | P14: Islam | Q14: Rinda Ari Puspita, Amd. Kg
A15: 9 | B15: dr. Rizky Rachmat Kurniawan | C15: 19960310 202203 1 005 | D15: IIIb | E15: PNS | F15: 44929 | G15: Dokter Pertama | H15: 44564 | I15: - | J15: 1 | K15: 0 | M15: S1 | N15: Dokter Umum Th 2019 | O15: Samarinda,10-03-1996 | P15: Islam | Q15: Dr. Rizky Rachmat Kurniawan
A16: 10 | B16: Supatemi, Amd.Keb | C16: 19720306 200604 2 014 | D16: IIIb | E16: PNS | F16: 45870 | G16: Bidan Mahir | H16: 44279 | I16: - | J16: 25 | K16: 10 | L16: 4 Thn 10 Bln | M16: D III | N16: AKBID Thn 2005 | O16: Kediri, 06-03-1972 | P16: Islam | Q16: Supatemi, Amd.keb
A17: 11 | B17: Anik Sri Purwati, Amd. Keb. | C17: 19740806 200604 2 022 | D17: IIIb | E17: PNS | F17: 45870 | G17: Bidan Mahir | H17: 44279 | I17: - | J17: 25 | K17: 10 | L17: 4 Thn 10 Bln | M17: D III | N17: AKBID Thn 2009 | O17: Kediri, 06-08-1974 | P17: Islam | Q17: Anik Sri Purwati, Amd. Keb.
A18: 12 | B18: Enny Nurhayati, Amd.. Keb. | C18: 19741101 200604 2 014 | D18: IIIb | E18: PNS | F18: 45931 | G18: Bidan Mahir | H18: 44279 | I18: - | J18: 27 | K18: 0 | L18: 4 Thn 10 Bln | M18: D III | N18: AKBID Thn 2009 | O18: Jombang, 01-11-1974 | P18: Islam | Q18: Enny Nurhayati, Amd.. Keb.
A19: 13 | B19: Sulisni, Amd. Keb. | C19: 19750315 200604 2 031 | D19: IIIb | E19: PNS | F19: 45870 | G19: Bidan Mahir | H19: 44279 | I19: - | J19: 24 | K19: 10 | L19: 4 Thn 10 Bln | M19: D III | N19: AKBID Thn 2012 | O19: Jombang, 15-03-1975 | P19: Islam | Q19: Sulisni, Amd. Keb.
A20: 14 | B20: Estu Rahayuningsih, Amd. Keb. | C20: 19751117 200701 2 010 | D20: IIIb | E20: PNS | F20: 45931 | G20: Bidan Mahir | H20: 45931 | I20: - | J20: 25 | K20: 0 | M20: D III | N20: AKBID Thn 2012 | O20: Pati, 17-11-1975 | P20: Kristen | Q20: Estu Rahayuningsih, Amd. Keb.
A21: 15 | B21: Prihatiningtyas, Amd. Keb. | C21: 19760521 200701 2 012 | D21: IIIb | E21: PNS | F21: 45931 | G21: Bidan Mahir | H21: 45931 | I21: - | J21: 25 | K21: 0 | M21: D III | N21: AKBID Thn 2012 | O21: Kediri, 21-05-1976 | P21: Islam | Q21: Prihatiningtyas, Amd. Keb.
A22: 16 | B22: Mey Idayati, Amd.Kep | C22: 19870507 201402 2 001 | D22: IIIb | E22: PNS | F22: 45200 | G22: Perawat Mahir | H22: 43922 | I22: - | J22: 10 | K22: 4 | L22: 5 Thn 9 Bln | M22: D III | N22: Keperawatan, 2010 | O22: Kediri, 07-05-1987 | P22: Islam | Q22: Mey Idayati, Amd.kep
A23: 17 | B23: Sito Luncono Setio Utomo | C23: 19790506 201001 1 027 | D23: lld | E23: PNS | F23: 44652 | G23: Pengadministrasi Kepegawaian | H23: 44385 | I23: - | J23: 17 | K23: 6 | M23: SLTA | N23: SMA Thn. | O23: Surabaya, 06-05-1979 | P23: Islam | Q23: Sito Luncono Setio Utomo
A24: 18 | B24: Siti Aminah, Amd Kep. | C24: 19870803 201903 2 005 | D24: IId | E24: PNS | F24: 44835 | G24: Perawat Terampil | H24: 44403 | I24: - | J24: 6 | K24: 9 | M24: DIII | N24: AKPER Thn 2009 | O24: Kediri,03-08-1987 | P24: Islam | Q24: Siti Aminah, Amd Kep.
A25: 19 | B25: Nuryana Vidya C, Amd.Kep | C25: 19970326 202012 2 013 | D25: IId | E25: PNS | F25: 45444 | G25: Perawat Terampil | H25: 44531 | I25: - | J25: 6 | K25: 6 | L25: 4 Thn 1 Bln | M25: D III | N25: AKPER Thn.2018 | O25: Kediri, 26-03-1997 | P25: Islam | Q25: Nuryana Vidya C, Amd.kep
A26: 20 | B26: Novia Anjarwati, Amd. Kes | C26: 19951125 202012 2 013 | D26: IId | E26: PNS | F26: 45444 | G26: Sanitarian Pelaksana | H26: 44531 | I26: - | J26: 6 | K26: 6 | L26: 4 Thn 1 Bln | M26: D III | N26: Kesling Thn. 2018 | O26: Nganjuk, 25-11-1995 | P26: Islam | Q26: Novia Anjarwati, Amd. Kes
A27: 21 | B27: Dinung Wahyu Purwanti | C27: 19930105 202221 2 001 | D27: PPPK-VII | E27: PPPK | F27: 44562 | G27: Bidan Terampil | H27: 44562 | J27: - | K27: - | L27: 4 Thn 0 Bln | M27: D III | N27: Bidan Terampil | O27: Kediri, 05- 01-1993 | P27: Islam | Q27: Dinung Wahyu Purwanti
A28: 22 | B28: Susi Winda Wandari, Amd Keb | C28: 19940405 202321 2 005 | D28: PPPK-VII | E28: PPPK | F28: 44930 | G28: Bidan Terampil | H28: 44930 | I28: - | J28: - | K28: - | L28: 2 Thn 9 Bln | M28: D-III | N28: AKBID Thn 2015 | O28: Kediri, 05-04-1994 | P28: Islam | Q28: Susi Winda Wandari, Amd Keb
A29: 23 | B29: Desi Natalia, SST | C29: 3506216412890001 | D29: PPPK-VII | E29: PPPK-PW | F29: 45962 | G29: Bidan Terampil | H29: 42370 | I29: - | J29: - | K29: - | L29: 10 Thn 0 Bln | M29: D-IV | N29: Kebidanan Thn. 2011 | O29: Kediri, 24-12-1989 | P29: Islam | Q29: Desi Natalia, Sst
A30: 24 | B30: Devi Ardianti, SE | C30: 3506164503950002 | D30: PPPK-VII | E30: PPPK-PW | F30: 45962 | G30: Penata Layanan Operasional | H30: 42758 | I30: - | J30: - | K30: - | L30: 9 Thn 0 Bln | M30: S-1 | N30: Akuntansi Thn 2016 | O30: Kediri, 05-03-1995 | P30: Islam | Q30: Devi Ardianti, Se
A31: 25 | B31: Vivi Juni Mega A, S.Tr.Keb | C31: 3506214506950001 | D31: PPPK-VII | E31: PPPK-PW | F31: 45962 | G31: Bidan Terampil | H31: 43497 | I31: - | J31: - | K31: - | L31: 6 Thn 11 Bln | M31: D-IV | N31: AKBID Thn.2013 | O31: Kediri, 05-06-1995 | P31: Islam | Q31: Vivi Juni Mega A, S.tr.keb
A32: 26 | B32: Anieta Yuni Purnawati, Amd.Keb | C32: 3506215706900001 | D32: PPPK-VII | E32: PPPK | F32: 45294 | G32: Bidan Terampil | H32: 45294 | I32: - | J32: - | K32: - | L32: 1 Thn 10 Bln | M32: D-III | N32: AKBID Thn 2017 | O32: Kediri, 17-06-1990 | P32: Islam | Q32: Anieta Yuni Purnawati, Amd.keb
A33: 27 | B33: Slamet Riadi | C33: 3506212005790003 | D33: PPPK-V | E33: PPPK-PW | F33: 45962 | G33: Operator Layanan Operasional | H33: 35643 | I33: - | J33: - | K33: - | L33: 29 Thn 0 Bln | M33: SMA | N33: Thn 2008 | O33: Kediri, 20-05-1979 | P33: Islam | Q33: Slamet Riadi
A34: 28 | B34: Anita Sumariati | C34: 3506214101850002 | D34: KONTRAK | F34: - | G34: KEBERSIHAN | H34: 43101 | I34: - | J34: - | K34: - | L34: 8 Thn 0 Bln | M34: SMP | N34: Thn 2000 | O34: Madiun, 02-01-1985 | P34: Islam | Q34: Anita Sumariati
A35: 29 | B35: Mimin Asmawati | C35: 3506215707790002 | D35: KONTRAK | F35: - | G35: KEBERSIHAN | H35: 01/01/2020 | I35: - | J35: - | K35: - | L35: 6 Thn 0 Bln | M35: SMK | N35: Thn 1999 | O35: Kediri, 17-07-1979 | P35: Islam | Q35: Mimin Asmawati
A36: 30 | B36: Fitria Indriyani | C36: 3506215502970001 | D36: PPPK-V | E36: PPPK-PW | F36: 45962 | G36: Operator Layanan Operasional | H36: 43222 | I36: - | J36: - | K36: - | L36: 7 Thn 11 Bln | M36: D-1 | N36: Manajemen Farmasi Thn 2017 | O36: Kediri, 15-02-1997 | P36: Islam | Q36: Fitria Indriyani
A37: 31 | B37: Cendy Santia KS, Amd AK | C37: 3506154409920001 | D37: PPPK-VII | E37: PPPK-PW | F37: 45962 | G37: Pranata Labkes Terampil | H37: 43832 | I37: - | J37: - | K37: - | L37: 5 Thn 11 Bln | M37: D-III | N37: Analis Kesh Thn 2016 | O37: Analis Kesh Thn 2016 | P37: Islam | Q37: Cendy Santia Ks, Amd Ak
A38: 32 | B38: Mistiani Saputri, Amd Kom | C38: 3506266204980003 | D38: PPPK-VII | E38: PPPK-PW | F38: 45962 | G38: Pengelola Layanan Operasional | H38: 44256 | I38: - | J38: - | K38: - | L38: 4 Thn 10 Bln | M38: D-III | N38: Manajemen Informatika Thn. 2019 | O38: Kediri, 22-04-1998 | P38: Islam | Q38: Mistiani Saputri, Amd Kom
A39: 33 | B39: Rani Rosita , Amd Keb | C39: 3506265409920003 | D39: PPPK-VII | E39: PPPK-PW | F39: 45962 | G39: Bidan Terampil | H39: 31/04/2020 | I39: - | J39: - | K39: - | L39: 5 Thn 8 Bln | M39: D-III | N39: AKBID Thn 2013 | O39: Kediri, 14-09-1992 | P39: Islam | Q39: Rani Rosita , Amd Keb
A40: 34 | B40: Rise Nisa' Meiula Naaifah | C40: 3506164105000001 | D40: PPPK-VII | E40: PPPK-PW | F40: 45962 | G40: Perekam Medis Terampil | H40: 44564 | I40: - | J40: - | K40: - | L40: 3 Thn 10 Bln | M40: D-III | N40: Rekam Medik Thn 2021 | O40: Kediri, 01-05-2000 | P40: Islam | Q40: Rise Nisa' Meiula Naaifah
A41: 35 | B41: Shalikul Hadi, SKM | C41: 3506161109000001 | D41: KONTRAK | F41: - | G41: PROMKES | H41: 44868 | I41: - | J41: - | K41: - | M41: S-1 | N41: SKM th. 22 | O41: Kediri, 07-09-2000 | P41: Islam | Q41: Shalikul Hadi, Skm
A42: 36 | B42: MUSTAINUL HABIBI | C42: 19871201 202421 1 018 | D42: PPPK-VII | E42: PPPK | F42: 45294 | G42: Perekam Medis Terampil | H42: 45294 | L42: 1 Thn 10 Bln | M42: D-III | N42: Rekam Medik | O42: Nganjuk, 01-12-1987 | P42: Islam | Q42: Mustainul Habibi
A43: 37 | B43: GALIH CATUR AJI SETIAWAN | C43: 19930220 202421 1 005 | D43: PPPK-X | E43: PPPK | F43: 45294 | G43: Dokter Ahli Pertama | H43: 45294 | L43: 1 Thn 10 Bln | M43: S-1 | N43: Dokter Umum/2018 | O43: Kota Baru, 20-02-1993 | P43: Islam | Q43: Galih Catur Aji Setiawan
A44: 38 | B44: BINTI KHOTIMATUL MUNAWAROH | C44: 19970129 202421 2 022 | D44: PPPK-VII | E44: PPPK | F44: 45294 | G44: Bidan Terampil | H44: 45294 | L44: 1 Thn 10 Bln | M44: DIII | N44: DIII-Kebidanan/ | O44: Kediri, 29-01-1997 | P44: Islam | Q44: Binti Khotimatul Munawaroh
A45: 39 | B45: VIRDA NILAYANTI | C45: 199906292024212023 | D45: PPPK-VII | E45: PPPK | F45: 45294 | G45: Perawat Terampil | H45: 45294 | L45: 1 Thn 10 Bln | M45: DIII | N45: DIII-Keperawatan | O45: Jombang,29 juni 1999 | P45: Islam | Q45: Virda Nilayanti
A46: 40 | B46: DELLA ANANDANI HAREFA | C46: 19950224 202421 2 013 | D46: PPPK-VII | E46: PPPK | F46: 45294 | G46: Perawat Terampil | H46: 45294 | L46: 1 Thn 10 Bln | M46: DIII | N46: DIII-Keperawatan | O46: Jombang, 24-02-1995 | P46: Islam | Q46: Della Anandani Harefa
A47: 41 | B47: FENIA ELDIANA | C47: 19970225 202521 2 007 | D47: PPPK-VII | E47: PPPK | F47: 45660 | G47: Pranata Labkes Terampil | H47: 45660 | L47: 0 Thn 10 Bln | M47: DIII | N47: D-III Teknologi Lab Medis /2018 | O47: Kediri, 25-02-1997 | P47: Islam | Q47: Fenia Eldiana
A48: 42 | B48: Aide Bagus Lutfi Zakaria,A.Md.Kep | C48: '3518071503890005 | D48: KONTRAK | G48: Perawat Terampil | M48: DIII | N48: DIII-Keperawatan | O48: Ngronggot, 11/1/1997 | P48: Islam | Q48: Aide Bagus Lutfi Zakaria,a.md.kep
A49: 43 | B49: Wenly Novi Newanda,A.Md.Keb | C49: '3506114111970003 | D49: KONTRAK | G49: Bidan Terampil | M49: DIII | N49: DIII-Kebidanan/ | O49: Kediri, 15 Maret 1989 | P49: Islam | Q49: Wenly Novi Newanda,a.md.keb
A50: 44 | B50: Dwi Lestari,A.Md.Keb | C50: '3506216909940001 | D50: KONTRAK | G50: Bidan Terampil | M50: DIII | N50: DIII Kebidanan / Tahun 2018 | O50: Kediri, 29 Agustus 1994 | P50: Islam | Q50: Dwi Lestari,a.md.keb
A51: 45 | B51: ika Bintari, A.Md.Keb | C51: 19910519 202521 2 033 | D51: PPPK-VII | E51: PPPK | F51: 45666 | G51: Bidan Terampil | H51: 45666 | L51: 0 Thn 4 Bln | M51: DIII | N51: DIII-Kebidanan/ | O51: Kediri, 19 Mei 1991 | P51: Islam | Q51: Ika Bintari, A.md.keb
A52: 46 | B52: Ronal Ardianto | C52: 3506210301020001 | D52: KONTRAK | G52: cs | O52: Kediri, 21 Juli 2002 | P52: Islam | Q52: Ronal Ardianto
A53: 47 | B53: Rinda Agustina,Amd.Gizi | C53: 3506216208960001 | D53: KONTRAK | G53: Nutrisionis Terampil | P53: Islam | Q53: Rinda Agustina,amd.gizi
A54: 48 | B54: Yogi Satrio Lelono | C54: 3506210306030002 | D54: KONTRAK | G54: Perawat Terampil | P54: Islam | Q54: Yogi Satrio Lelono
E56: MENGETAHUI | N56: KUNJANG, 1 Januari 2026
E57: KEPALA UPTD PUSKESMAS KUNJANG | N57: PENGELOLA
E61: dr. Durotun Nafisa | N61: Daril Rahmatullah, S. Farm.
E62: NIP. 19750423 200212 2 005 | N62: NIP.19810704 200901 1 004
E65: PNS | F65: 20
E66: PPPK | F66: =COUNTIFS(E8:E55,"PPPK") -> 10
E67: PPPK-PW | F67: =COUNTIFS(E9:E55,"PPPK-PW") -> 9
E68: KONTRAK | F68: =COUNTIFS(D10:D55,"KONTRAK") -> 9
E69: TOTAL | F69: 48

Sheet penjadwalan
A1: NO | B1: NAMA | C1: NIP / NIK | D1: GOL | E1: JENIS ASN | F1: NAMA JABATAN
A2: 1 | B2: dr.Durotun Nafisa | C2: 19750423 200212 2 005 | D2: Ivc | E2: PNS | F2: Dokter Ahli Madya
A3: 2 | B3: drg. Putri Emyta Sari | C3: 19810604 200902 2 004 | D3: Ivb | E3: PNS | F3: Dokter Gigi Ahli Madya
A4: 3 | B4: Setya Budi, Amd., Kep | C4: 19700508 199203 1 003 | D4: IIId | E4: PNS | F4: Perawat Ahli pertama
A5: 4 | B5: Luluk Listyaningsih,AMG | C5: 19691030 199203 2 008 | D5: IIId | E5: PNS | F5: Nutrisionis Penyelia
A6: 5 | B6: Yuanendah, SST. | C6: 19710125 199203 2 010 | D6: IIId | E6: PNS | F6: Bidan Ahli Muda
A7: 6 | B7: Daril Rahmatullah, S. Farm. | C7: 19810704 200901 1 004 | D7: Iva | E7: PNS | F7: Apoteker Ahli Madya
A8: 7 | B8: Fitri Ariani Isnaningtyas, Amd.AK | C8: 19780908 199903 2 001 | D8: IIId | E8: PNS | F8: Pranata Labkes Pelaksana Penyelia
A9: 8 | B9: Rinda Ari Puspita, Amd. KG | C9: 19871127 201001 2 008 | D9: IIIb | E9: PNS | F9: Terapis Gigi dan Mulut Mahir
A10: 9 | B10: dr. Rizky Rachmat Kurniawan | C10: 19960310 202203 1 005 | D10: IIIb | E10: PNS | F10: Dokter Pertama
A11: 10 | B11: Supatemi, Amd.Keb | C11: 19720306 200604 2 014 | D11: IIIb | E11: PNS | F11: Bidan Mahir
A12: 11 | B12: Anik Sri Purwati, Amd. Keb. | C12: 19740806 200604 2 022 | D12: IIIb | E12: PNS | F12: Bidan Mahir
A13: 12 | B13: Enny Nurhayati, Amd.. Keb. | C13: 19741101 200604 2 014 | D13: IIIb | E13: PNS | F13: Bidan Mahir
... A28: 27 | B28: Slamet Riadi | C28: 3506212005790003 | D28: PPPK-V | E28: PPPK-PW | F28: Operator Layanan Operasional
A29: 28 | B29: Anita Sumariati | C29: 3506214101850002 | D29: KONTRAK | F29: KEBERSIHAN
A30: 29 | B30: Mimin Asmawati | C30: 3506215707790002 | D30: KONTRAK | F30: KEBERSIHAN
A31: 30 | B31: Fitria Indriyani | C31: 3506215502970001 | D31: PPPK-V | E31: PPPK-PW | F31: Operator Layanan Operasional
A32: 31 | B32: Cendy Santia KS, Amd AK | C32: 3506154409920001 | D32: PPPK-VII | E32: PPPK-PW | F32: Pranata Labkes Terampil
A33: 32 | B33: Mistiani Saputri, Amd Kom | C33: 3506266204980003 | D33: PPPK-VII | E33: PPPK-PW | F33: Pengelola Layanan Operasional
A34: 33 | B34: Rani Rosita , Amd Keb | C34: 3506265409920003 | D34: PPPK-VII | E34: PPPK-PW | F34: Bidan Terampil
A35: 34 | B35: Rise Nisa' Meiula Naaifah | C35: 3506164105000001 | D35: PPPK-VII | E35: PPPK-PW | F35: Perekam Medis Terampil
A36: 35 | B36: Shalikul Hadi, SKM | C36: 3506161109000001 | D36: KONTRAK | F36: PROMKES
A37: 36 | B37: MUSTAINUL HABIBI | C37: 19871201 202421 1 018 | D37: PPPK-VII | E37: PPPK | F37: Perekam Medis Terampil
A38: 37 | B38: GALIH CATUR AJI SETIAWAN | C38: 19930220 202421 1 005 | D38: PPPK-X | E38: PPPK | F38: Dokter Ahli Pertama
A39: 38 | B39: BINTI KHOTIMATUL MUNAWAROH | C39: 19970129 202421 2 022 | D39: PPPK-VII | E39: PPPK | F39: Bidan Terampil
A40: 39 | B40: VIRDA NILAYANTI | C40: 199906292024212023 | D40: PPPK-VII | E40: PPPK | F40: Perawat Terampil
A41: 40 | B41: DELLA ANANDANI HAREFA | C41: 19950224 202421 2 013 | D41: PPPK-VII | E41: PPPK | F41: Perawat Terampil
A42: 41 | B42: FENIA ELDIANA | C42: 19970225 202521 2 007 | D42: PPPK-VII | E42: PPPK | F42: Pranata Labkes Terampil
A43: 42 | B43: Aide Bagus Lutfi Zakaria,A.Md.Kep | C43: '3518071503890005 | D43: KONTRAK | F43: Perawat Terampil
A44: 43 | B44: Wenly Novi Newanda,A.Md.Keb | C44: '3506114111970003 | D44: KONTRAK | F44: Bidan Terampil
A45: 44 | B45: Dwi Lestari,A.Md.Keb | C45: '3506216909940001 | D45: KONTRAK | F45: Bidan Terampil
A46: 45 | B46: ika Bintari, A.Md.Keb | C46: 19910519 202521 2 033 | D46: PPPK-VII | E46: PPPK | F46: Bidan Terampil
A47: 46 | B47: Ronal Ardianto | C47: 3506210301020001 | D47: KONTRAK | F47: cs
A48: 47 | B48: Rinda Agustina,Amd.Gizi | C48: 3506216208960001 | D48: KONTRAK | F48: Nutrisionis Terampil
A49: 48 | B49: Yogi Satrio Lelono | C49: 3506210306030002 | D49: KONTRAK | F49: Perawat Terampil

Sheet DUK 2022
A1: DAFTAR URUT KEPEGAWAIAN
A2: UPTD PUSKESMAS KUNJANG
A3: PER 28 Februari 2023
A5: NO | B5: NAMA | C5: NIP / NIK | D5: GOL | E5: TMT | F5: NAMA | G5: TMT | H5: ESE | I5: MASA KERJA | K5: DIKLAT | L5: PEN | M5: KETERANGAN | N5: TEMPAT | O5: AGAMA | P5: KET
E6: GLNGAN | F6: JABATAN | G6: JABATAN | H6: LON | I6: THN | J6: BLN | L6: DDK | M6: PENDIDIKAN | N6: TANGGAL LAHIR
A7: 1 | B7: dr.Durotun Nafisa | C7: 19750423 200212 2 005 | D7: Ivc | E7: 44835 | F7: Dokter Ahli Madya | G7: 42606 | H7: IV/c | I7: 22 | J7: 0 | K7: - | L7: S1 | M7: Dokter Umum Th 1999 | N7: Kediri, 23-04-1975 | O7: Islam | P7: Fungsional Tertentu
A8: 2 | B8: drg. Putri Emyta Sari | C8: 19810604 200902 2 004 | D8: Ivb | E8: 45017 | F8: Dokter Gigi Ahli Madya | G8: 45017 | H8: - | I8: 13 | J8: 5 | K8: - | L8: S1 | M8: FKG Th. 2006 | N8: Kediri, 04-06-1981 | O8: Islam | P8: Fungsional Tertentu
A9: 3 | B9: Jema’I, Amd.. Keb. | C9: 19671215 198811 2 002 | D9: IIId | E9: 41548 | F9: Administrasi Umum | G9: 41548 | H9: - | I9: 28 | J9: 8 | K9: - | L9: D III | M9: AKBID Thn 2007 | N9: Kediri, 15-12-1967 | O9: Islam | P9: Fungsional Tertentu
A10: 4 | B10: Setya Budi, Amd., Kep | C10: 19700508 199203 1 003 | D10: IIId | E10: 42278 | F10: Perawat Penyelia | G10: 42278 | H10: - | I10: 25 | J10: 4 | K10: - | L10: D III | M10: AKPER Thn 2004 | N10: Kediri, 08-05-1970 | O10: Islam | P10: Fungsional Tertentu
A11: 5 | B11: Luluk Listyaningsih,AMG | C11: 19691030 199203 2 008 | D11: IIId | E11: 42644 | F11: Nutrisionis Penyelia | G11: 42644 | H11: - | I11: 25 | J11: 4 | K11: - | L11: D III | M11: AKZI Thn 2003 | N11: Kediri, 30-10-1969 | O11: Islam | P11: Fungsional Tertentu
A12: 6 | B12: Yuanendah, SST. | C12: 19710125 199203 2 010 | D12: IIId | E12: 44470 | F12: Bidan Ahli Muda | G12: 42712 | H12: - | I12: 25 | J12: 4 | K12: - | L12: D IV | M12: Bidan Pendidik Thn 2013 | N12: Kediri, 25-01-1971 | O12: Islam | P12: Fungsional Tertentu
A13: 7 | B13: Daril Rahmatullah, S. Farm. | C13: 19810704 200901 1 004 | D13: Iva | E13: 45627 | F13: Apoteker Ahli Madya | G13: 45544 | H13: - | I13: 15 | J13: 11 | K13: - | L13: S1 | M13: Apoteker Thn 2005 | N13: Nganjuk, 04-07-1981 | O13: Islam | P13: Fungsional Tertentu
A14: 8 | B14: Fitri Ariani Isnaningtyas, Amd.AK | C14: 19780908 199903 2 001 | D14: IIIc | E14: 44470 | F14: Pranata Labkes Pelaksana Penyelia | G14: - | H14: - | I14: 18 | J14: 3 | K14: - | L14: D III | M14: Anls Kesh Thn 2009 | N14: Kediri, 08-09-1978 | O14: Islam | P14: Fungsional Tertentu
A15: 9 | B15: Rinda Ari Puspita, Amd. KG | C15: 19871127 201001 2 008 | D15: IIIb | E15: 44652 | F15: Terapis Gigi dan Mulut Mahir | G15: 44652 | H15: - | I15: 10 | J15: 5 | K15: - | L15: D III | M15: Kesh.Gigi Thn 2009 | N15: Jombang, 27-11-1987 | O15: Islam | P15: Fungsional Tertentu
A16: 10 | B16: dr. Rizky Rachmat Kurniawan | C16: 19960310 202203 1 005 | D16: III/b | E16: 44621 | F16: Dokter Pertama | G16: - | H16: - | I16: - | J16: 3 | K16: - | L16: S1 | M16: Dokter Umum Th 2019 | N16: Samarinda,10-03-1996 | O16: Islam | P16: Fungsional Tertentu
A17: 11 | B17: Supatemi, Amd.Keb | C17: 19720306 200604 2 014 | D17: IIIa | E17: 44470 | F17: Bidan Mahir | G17: 44279 | H17: - | I17: 22 | J17: 8 | K17: - | L17: D III | M17: AKBID Thn 2005 | N17: Kediri, 06-03-1972 | O17: Islam | P17: Fungsional Tertentu
A18: 12 | B18: Anik Sri Purwati, Amd. Keb. | C18: 19740806 200604 2 022 | D18: IIIa | E18: 44470 | F18: Bidan Mahir | G18: 44279 | H18: - | I18: 22 | J18: 8 | K18: - | L18: D III | M18: AKBID Thn 2009 | N18: Kediri, 06-08-1974 | O18: Islam | P18: Fungsional Tertentu
A19: 13 | B19: Enny Nurhayati, Amd.. Keb. | C19: 19741101 200604 2 014 | D19: IIIa | E19: 44470 | F19: Bidan Mahir | G19: 44279 | H19: - | I19: 23 | J19: 8 | K19: - | L19: D III | M19: AKBID Thn 2009 | N19: Jombang, 01-11-1974 | O19: Islam | P19: Fungsional Tertentu
A20: 14 | B20: Sulisni, Amd. Keb. | C20: 19750315 200604 2 031 | D20: IIIa | E20: 44470 | F20: Bidan Mahir | G20: 44279 | H20: - | I20: 23 | J20: 8 | K20: - | L20: D III | M20: AKBID Thn 2012 | N20: Jombang, 15-03-1975 | O20: Islam | P20: Fungsional Tertentu
A21: 15 | B21: Estu Rahayuningsih, Amd. Keb. | C21: 19751117 200701 2 010 | D21: IIIa | E21: 44835 | F21: Bidan Pelaksana Lanutan | G21: - | H21: - | I21: 22 | J21: 2 | K21: - | L21: D III | M21: AKBID Thn 2012 | N21: Pati, 17-11-1975 | O21: Kristen | P21: Fungsional Tertentu
A22: 16 | B22: Prihatiningtyas, Amd. Keb. | C22: 19760521 200701 2 012 | D22: IIIa | E22: 44835 | F22: Bidan Pelaksana Lanjutan | G22: - | H22: - | I22: 22 | J22: 2 | K22: - | L22: D III | M22: AKBID Thn 2012 | N22: Kediri, 21-05-1976 | O22: Islam | P22: Fungsional Tertentu
A23: 17 | B23: Mey Idayati, Amd.Kep | C23: 19870507 201402 2 001 | D23: IIIb | E23: 45200 | F23: Perawat Mahir | G23: 43922 | H23: - | I23: 10 | J23: 4 | K23: - | L23: D III | M23: Keperawatan, 2010 | N23: Kediri, 07-05-1987 | O23: Islam | P23: Fungsional Tertentu
A24: 18 | B24: Sito Luncono Setio Utomo | C24: 19790506 201001 1 027 | D24: lld | E24: 44652 | F24: Staf | H24: - | I24: 17 | J24: 8 | K24: - | L24: SLTA | M24: SMA Thn. | N24: Surabaya, 06-05-1979 | O24: Islam | P24: Fungsional Tertentu
A25: 19 | B25: Siti Aminah, Amd Kep. | C25: 19870803 201903 2 005 | D25: Iid | E25: 44835 | F25: Perawat Terampil | G25: - | H25: - | I25: 6 | J25: 9 | K25: - | L25: DIII | M25: AKPER Thn 2009 | N25: Kediri,03-08-1987 | O25: Islam | P25: Fungsional Tertentu
A26: 20 | B26: Nuryana Vidya C, Amd.Kep | C26: 19970326 202012 2 013 | D26: llc | E26: 44166 | F26: Perawat Terampil | G26: 44531 | H26: - | I26: 4 | J26: 6 | K26: - | L26: D III | M26: AKPER Thn.2018 | N26: Kediri, 26-03-1997 | O26: Islam | P26: Fungsional Tertentu
A27: 21 | B27: Novia Anjarwati, Amd. Kes | C27: 19951125 202012 2 013 | D27: llc | E27: 44166 | F27: Sanitarian Pelaksana | G27: 44531 | H27: - | I27: 4 | J27: 6 | K27: - | L27: D III | M27: Kesling Thn. 2018 | N27: Nganjuk, 25-11-1995 | O27: Islam | P27: Fungsional Tertentu
A28: 22 | B28: Dinung Wahyu Purwanti | C28: 19930105 202221 2 001 | D28: VII | E28: 44562 | F28: Bidan Terampil | G28: 44562 | I28: - | J28: 5 | K28: - | L28: D III | M28: Bidan Terampil | N28: Kediri, 05- 01-1993 | O28: Islam
A29: 23 | B29: Susi Winda Wandari, Amd Keb | C29: 19940405 202321 2 005 | D29: VII | E29: - | F29: Bidan Terampil | G29: 45017 | H29: - | I29: - | J29: - | K29: - | L29: D-III | M29: AKBID Thn 2015 | N29: Kediri, 05-04-1994 | O29: Islam
A30: 24 | B30: Desi Natalia, SST | C30: 3506216412890001 | D30: - | E30: - | F30: BIDAN DESA | G30: 42370 | H30: - | I30: - | J30: - | K30: - | L30: D-IV | M30: Kebidanan Thn. 2011 | N30: Kediri, 24-12-1989 | O30: Islam
A31: 25 | B31: Devi Ardianti, SE | C31: 3506164503950002 | D31: - | E31: - | F31: AKUNTANSI BOK | G31: 42758 | H31: - | I31: - | J31: - | K31: - | L31: S-1 | M31: Akuntansi Thn 2016 | N31: Kediri, 05-03-1995 | O31: Islam
A32: 26 | B32: Vivi Juni Mega A, S.Tr.Keb | C32: 3506214506950001 | D32: - | E32: - | F32: BIDAN DESA | G32: 43497 | H32: - | I32: - | J32: - | K32: - | L32: D-IV | M32: AKBID Thn.2013 | N32: Kediri, 05-06-1995 | O32: Islam
A33: 27 | B33: Anieta Yuni Purnawati, Amd.Keb | C33: 3506215706900001 | D33: - | E33: - | F33: BIDAN DESA | G33: 42410 | H33: - | I33: - | J33: - | K33: - | L33: D-III | M33: AKBID Thn 2017 | N33: Kediri, 17-06-1990 | O33: Islam
A34: 28 | B34: Della Karisma Lutfiana, Amd. Gz | C34: 3506144604970001 | D34: - | E34: - | F34: NUTRISIONIS | G34: 43497 | H34: - | I34: - | J34: - | K34: - | L34: D-III | M34: AKZI Thn 2018 | N34: Kediri, 06-04-1997 | O34: Islam
A35: 29 | B35: Slamet Riadi | C35: 3506212005790003 | D35: - | E35: - | F35: KEBERSIHAN/ SOPIR | G35: 35643 | H35: - | I35: - | J35: - | K35: - | L35: SMA | M35: Thn 2008 | N35: Kediri, 20-05-1979 | O35: Islam
A36: 30 | B36: Anita Sumariati | C36: 3506214101850002 | D36: - | E36: - | F36: KEBERSIHAN | G36: 43101 | H36: - | I36: - | J36: - | K36: - | L36: SMP | M36: Thn 2000 | N36: Madiun, 02-01-1985 | O36: Islam
A37: 31 | B37: Mimin Asmawati | C37: 3506215707790002 | D37: - | E37: - | F37: KEBERSIHAN | G37: 01/01/2020 | H37: - | I37: - | J37: - | K37: - | L37: SMK | M37: Thn 1999 | N37: Kediri, 17-07-1979 | O37: Islam
A38: 32 | B38: Shindy Erlina Putri Pramujib | C38: 3506166906960001 | D38: - | E38: - | F38: LOKET/ADMINISTRASI UMUM | G38: 42491 | H38: - | I38: - | J38: - | K38: - | L38: S1 | M38: Akuntasi Thn 2021 | N38: Kediri, 29-06-1996 | O38: Islam
A39: 33 | B39: Fitria Indriyani | C39: 3506215502970001 | D39: - | E39: - | F39: ASISTEN APOTEKER | G39: 43222 | H39: - | I39: - | J39: - | K39: - | L39: D-1 | M39: Manajemen Farmasi Thn 2017 | N39: Kediri, 15-02-1997 | O39: Islam
A40: 34 | B40: Cendy Santia KS, Amd AK | C40: 3506154409920001 | D40: - | E40: - | F40: ANALIS KESEHATAN | G40: 43832 | H40: - | I40: - | J40: - | K40: - | L40: D-III | M40: Analis Kesh Thn 2016 | N40: Analis Kesh Thn 2016 | O40: Islam
A41: 35 | B41: Mistiani Saputri, Amd Kom | C41: 3506266204980003 | D41: - | E41: - | F41: ADMINISTRASI UMUM | G41: 44256 | H41: - | I41: - | J41: - | K41: - | L41: D-III | M41: Manajemen Informatika Thn. 2019 | N41: Kediri, 22-04-1998 | O41: Islam
A42: 36 | B42: Rani Rosita , Amd Keb | C42: 3506265409920003 | D42: - | E42: - | F42: BIDAN DESA | G42: 31/04/2020 | H42: - | I42: - | J42: - | K42: - | L42: D-III | M42: AKBID Thn 2013 | N42: Kediri, 14-09-1992 | O42: Islam
A43: 37 | B43: Rise Nisa' Meiula Naaifah | C43: 3506164105000001 | D43: - | E43: - | F43: REKAM MEDIK | G43: 44564 | H43: - | I43: - | J43: - | K43: - | L43: D-III | M43: Rekam Medik Thn 2021 | N43: Kediri, 01-05-2000 | O43: Islam
A44: 38 | B44: Shalikul Hadi, SKM | C44: 3506161109000001 | D44: - | E44: - | F44: PROMKES | G44: 44868 | H44: - | I44: - | J44: - | K44: - | L44: S-1 | M44: SKM th. 22 | N44: Kediri, 07-09-2000 | O44: Islam
B46: MENGETAHUI | M46: KUNJANG, 1 Desember 2022
B47: KEPALA UPTD PUSKESMAS KUNJANG | M47: PENGELOLA
B51: dr. Durotun Nafisa | M51: Daril Rahmatullah, S. Farm.
B52: NIP. 19750423 200212 2 005 | M52: NIP.19810704 200901 1 004

Sheet Pangkat
A1: DAFTAR KENAIKAN PANGKAT PEGAWAI
A2: UPTD PUSKESMAS KUNJANG
A4: No | B4: Nama | C4: Gol | D4: TMT | E4: Masa Kerja | G4: Waktu Pengusulan Kenaikan Pangkat
E5: Tahun | F5: Bulan
A6: 1 | B6: dr.Durotun Nafisa | C6: IVc | D6: 44844 | E6: 21 | F6: 10
A7: 2 | B7: drg. Putri Emyta Sari | C7: Ivb | D7: 45017 | E7: 14 | F7: 2 | G7: Ivc | H7: 46296
A8: 3 | B8: Jema’I, Amd.. Keb. | C8: IIId | D8: 41548 | E8: 19 | F8: 11
A9: 4 | B9: Setya Budi, Amd., Kep | C9: IIId | D9: 42278 | E9: 18 | F9: 7 | G9: IVa | H9: 45200
A10: 5 | B10: Luluk Listyaningsih,AMG | C10: IIId | D10: 42644 | E10: 19 | F10: 7
A11: 6 | B11: Yuanendah, SST. | C11: IIId | D11: 44470 | E11: 24 | F11: 7 | G11: IVa | H11: 45748
A12: 7 | B12: Daril Rahmatullah, S. Farm. | C12: Iva | D12: 43922 | E12: 11 | F12: 3 | G12: IVa | H12: 45200
A13: 8 | B13: Fitri Ariani Isnaningtyas, Amd.AK | C13: IIIc | D13: 44470 | E13: 17 | F13: 7 | G13: IIId | H13: 45748
A14: 9 | B14: Rinda Ari Puspita, Amd. KG | C14: IIIb | D14: 44652 | E14: 10 | F14: 3 | G14: IIIc | H14: 45931
A15: 10 | B15: dr. Rizky Rachmat Kurniawan | C15: IIIb | D15: 44986 | E15: 1 | F15: 0 | G15: IIIc | H15: 45931
A16: 11 | B16: Supatemi, Amd.Keb | C16: IIIa | D16: 44470 | E16: 22 | F16: 0 | G16: IIIb | H16: 45748
A17: 12 | B17: Anik Sri Purwati, Amd. Keb. | C17: IIIa | D17: 44470 | E17: 22 | F17: 0 | G17: IIIb | H17: 45748
A18: 13 | B18: Enny Nurhayati, Amd.. Keb. | C18: IIIa | D18: 44470 | E18: 23 | F18: 0 | G18: IIIb | H18: 45748
A19: 14 | B19: Sulisni, Amd. Keb. | C19: IIIa | D19: 44470 | E19: 21 | F19: 0 | G19: IIIb | H19: 45748
A20: 15 | B20: Estu Rahayuningsih, Amd. Keb. | C20: IIIa | D20: 44835 | E20: 22 | F20: 0 | G20: IIIb | H20: 46113
A21: 16 | B21: Prihatiningtyas, Amd. Keb. | C21: IIIa | D21: 44835 | E21: 22 | F21: 0 | G21: IIIb | H21: 46113
A22: 17 | B22: Mey Idayati, Amd.Kep | C22: IIIb | D22: 45200 | E22: 10 | F22: 4 | G22: IIIc | H22: 46478
... A26: 21 | B26: Novia Anjarwati, Amd. Kes | C26: Iid | D26: 45444 | E26: 6 | F26: 6 | G26: IIIa | H26: 46753

Sheet KGB
A1: REGISTER PENJAGAAN KENAIKNAN GAJI BERKALA
A2: UPTD PUSKESMAS KUNJANG
A4: No | B4: Nama | C4: NIP | D4: Gol | E4: KGB Terakhir | F4: Masa Kerja | H4: Pengusulan KGB | I4: Masa Kerja
F5: Thn | G5: Bln | I5: Thn | J5: Bln
A6: 1 | B6: dr.Durotun Nafisa | C6: 19750423 200212 2 005 | D6: Ivc | E6: 45627 | F6: 24 | G6: 0 | H6: 46357 | I6: 26 | J6: 0
A7: 2 | B7: drg. Putri Emyta Sari | C7: 19810604 200902 2 004 | D7: Ivb | E7: 44958 | F7: 14 | G7: 0 | H7: 45689 | I7: 16 | J7: 0
A8: 3 | B8: Jema’I, Amd.. Keb. | C8: 19671215 198811 2 002 | D8: IIId | E8: 45231 | F8: 30 | G8: 0 | H8: 45962 | I8: 32 | J8: 0
A9: 4 | B9: Setya Budi, Amd., Kep | C9: 19700508 199203 1 003 | D9: IIId | E9: 44986 | F9: 26 | G9: 0 | H9: 45717 | I9: 28 | J9: 0
A10: 5 | B10: Luluk Listyaningsih,AMG | C10: 19691030 199203 2 008 | D10: IIId | E10: 44986 | F10: 26 | G10: 0 | H10: 45717 | I10: 28 | J10: 0
A11: 6 | B11: Yuanendah, SST. | C11: 19710125 199203 2 010 | D11: IIId | E11: 44986 | F11: 26 | G11: 0 | H11: 46296 | I11: 28 | J11: 0
A12: 7 | B12: Daril Rahmatullah, S. Farm. | C12: 19810704 200901 1 004 | D12: Iva | E12: 45658 | F12: 16 | G12: 0 | H12: 46388 | I12: 18 | J12: 0
A13: 8 | B13: Fitri Ariani Isnaningtyas, Amd.AK | C13: 19780908 199903 2 001 | D13: IIIc | E13: 45352 | F13: 20 | G13: 0 | H13: 46082 | I13: 22 | J13: 0
A14: 9 | B14: Rinda Ari Puspita, Amd. KG | C14: 19871127 201001 2 008 | D14: IIIb | E14: 44563 | F14: 10 | G14: 0 | H14: 45293 | I14: 12 | J14: 0
A15: 10 | B15: dr. Rizky Rachmat Kurniawan | C15: 19960310 202203 1 005 | D15: III/b | E15: 45352 | F15: 2 | G15: 0 | H15: 46082 | I15: 4 | J15: 0 | N15: 198107042009011004
A16: 11 | B16: Supatemi, Amd.Keb | C16: 19720306 200604 2 014 | D16: IIIa | E16: 45200 | F16: 24 | G16: 0 | H16: 45931 | I16: 26 | J16: 0
A17: 12 | B17: Anik Sri Purwati, Amd. Keb. | C17: 19740806 200604 2 022 | D17: IIIa | E17: 45200 | F17: 24 | G17: 0 | H17: 45931 | I17: 26 | J17: 0
A18: 13 | B18: Enny Nurhayati, Amd.. Keb. | C18: 19741101 200604 2 014 | D18: IIIa | E18: 45566 | F18: 26 | G18: 0 | H18: 46296 | I18: 28 | J18: 0
A19: 14 | B19: Sulisni, Amd. Keb. | C19: 19750315 200604 2 031 | D19: IIIa | E19: 45566 | F19: 24 | G19: 0 | H19: 46296 | I19: 26 | J19: 0
A20: 15 | B20: Estu Rahayuningsih, Amd. Keb. | C20: 19751117 200701 2 010 | D20: IIIa | E20: 45566 | F20: 24 | G20: 0 | H20: 46296 | I20: 26 | J20: 0 | N20: 55918
A21: 16 | B21: Prihatiningtyas, Amd. Keb. | C21: 19760521 200701 2 012 | D21: IIIa | E21: 45566 | F21: 24 | G21: 0 | H21: 46296 | I21: 26 | J21: 0 | N21: 69886
A22: 17 | B22: Mey Idayati, Amd.Kep | C22: 19870507 201402 2 001 | D22: IIIa | E22: 45078 | F22: 10 | G22: 0 | H22: 45809 | I22: 12 | J22: 0 | N22: =SUM(N20:N21) -> 125804
A23: 18 | B23: Sito Luncono Setio Utomo | C23: 19790506 201001 1 027 | D23: lld | E23: 45200 | F23: 19 | G23: 0 | H23: 45931 | I23: 21 | J23: 0
A24: 19 | B24: Siti Aminah, Amd Kep. | C24: 19870803 201903 2 005 | D24: lld | E24: 44986 | F24: 7 | G24: 0 | H24: 45717 | I24: 9 | J24: 0
A25: 20 | B25: Nuryana Vidya C, Amd.Kep | C25: 19970326 202012 2 013 | D25: lld | E25: 45627 | F25: 7 | G25: 0 | H25: 46357 | I25: 9 | J25: 0
A26: 21 | B26: Novia Anjarwati, Amd. Kes | C26: 19951125 202012 2 013 | D26: lld | E26: 45627 | F26: 7 | G26: 0 | H26: 46357 | I26: 9 | J26: 0
A27: 22 | B27: Dinung Wahyu Purwanti, A.Md | C27: 19930105 202221 2 001 | D27: VII | E27: 45292 | F27: 5 | G27: 0 | H27: 46023 | I27: 7 | J27: 0
A28: 23 | B28: Susi Winda Wandari, Amd Keb | C28: 19940405 202321 2 005 | D28: VII
A29: 24 | B29: dr, Galih Catur Aji Setiawan | C29: 19930220 202421 1 005 | D29: X
A30: 25 | B30: Musta'inul Habibi | C30: 19871201 202421 1 018 | D30: VII
A31: 26 | B31: Binti Khotimatul Munawaroh, A.Md.Keb | C31: 19970129 202421 2 022 | D31: VII
A32: 27 | B32: Della Anandani Harefa, Amd.Kep | C32: 19950224 202421 2 013 | D32: VII
A33: 28 | B33: Virda Nilayanti | C33: 19990629 202421 2 023 | D33: VII
A34: 29 | B34: Anieta Yuni Purnawati, Amd.Keb | C34: 19900617 202421 2 004 | D34: VII

Sheet Deal
A3: No | B3: Nama | C3: Tempat Lahir | D3: Tgl Lahir | E3: Pendidikan | F3: Jabatan | G3: Nip / Nik | H3: TMT CPNS | I3: TMT PNS | J3: GOL | K3: TMT | L3: Masa Kerja | N3: STR | P3: SIP | R3: Ket
K4: Gol Terakhir | L4: Tahun | M4: Bulan | N4: Nomer | O4: Berlaku | P4: Nomer | Q4: Berlaku
A5: 1 | B5: dr.Durotun Nafisa | C5: Kediri | D5: 23-04-1975 | E5: S1 | F5: Dokter Ahli Madya | G5: 19750423 200212 2 005 | H5: 37591 | I5: 38078 | J5: Ivc | K5: 44835 | L5: 21 | M5: 10 | N5: 35 2 1 100 4 22 012392 | O5: 46500 | P5: 446/3247/418.25/2022 | Q5: 46500 | R5: Berkas STR belum ada
A6: 2 | B6: drg. Putri Emyta Sari | C6: Kediri | D6: 04-06-1981 | E6: S1 | F6: Dokter Gigi Ahli Madya | G6: 19810604 200902 2 004 | H6: 39845 | I6: 40544 | J6: Ivb | K6: 45017 | L6: 14 | M6: 2 | N6: 3.5221004e+15 | O6: 46542 | P6: 446/5418/418.25/2022 | Q6: 46542 | S6: 3.5221004e+15
A7: 3 | B7: Jema’I, Amd.. Keb. | C7: Kediri | D7: 15-12-1967 | E7: D III | F7: Administrasi Umum | G7: 19671215 198811 2 002 | H7: 32448 | I7: 33178 | J7: IIId | K7: 41548 | L7: 19 | M7: 11 | N7: 16 02 5 2 2 22-4473580 | O7: 46736 | P7: 446/17418/418.25/2022 | Q7: 46736
A8: 4 | B8: Setya Budi, Amd., Kep | C8: Kediri | D8: 08-05-1970 | E8: D III | F8: Perawat Penyelia | G8: 19700508 199203 1 003 | H8: 33664 | I8: 34394 | J8: IIId | K8: 42278 | L8: 18 | M8: 7 | N8: 16 01 7 2 2 22-4376440 | O8: 46515 | P8: 446/13309/418.25/2022 | Q8: 46515
A9: 5 | B9: Luluk Listyaningsih,AMG | C9: Kediri | D9: 30-10-1969 | E9: D III | F9: Nutrisionis Penyelia | G9: 19691030 199203 2 008 | H9: 33664 | J9: IIId | K9: 42644 | L9: 19 | M9: 7 | N9: P2T/63/03/.10/02/11/2018 | O9: 45229 | P9: 446/16.410/418.25/2018 | Q9: 45229
A10: 6 | B10: Yuanendah, SST. | C10: Kediri | D10: 25958 | E10: D IV | F10: Bidan Ahli Muda | G10: 19710125 199203 2 010 | H10: 33664 | I10: 34394 | J10: IIId | K10: 44470 | L10: 24 | M10: 7 | N10: 16 02 6 2 2 22-4545675 | O10: 46412 | R10: SIP belum ada
A11: 7 | B11: Daril Rahmatullah, S. Farm. | C11: Nganjuk | D11: 29771 | E11: S1 | F11: Apoteker Ahli Muda | G11: 19810704 200901 1 004 | H11: 39814 | I11: 40513 | J11: IIId | K11: 43922 | L11: 11 | M11: 3 | N11: 19810704/STRA-UGM/2005/12051 | O11: 46207 | P11: 19810704/SIPA-35.06/2021/1162 | Q11: 46207
A12: 8 | B12: Fitri Ariani Isnaningtyas, Amd.AK | C12: Kediri | D12: 08-09-1978 | E12: D III | F12: Pranata Labkes Pelaksana Penyelia | G12: 19780908 199903 2 001 | H12: 36220 | I12: 36892 | J12: IIIc | K12: 44470 | L12: 17 | M12: 7 | N12: 16 14 5 2 2 17-2135509 | O12: 44812 | P12: 446/19671/418.25/2020 | Q12: 44812 | R12: STR dan SIP Mati
A13: 9 | B13: Umi Kulsum | C13: Sidoarjo | D13: 09-09-1966 | E13: SLTA | F13: Pengadministrasi Umum | G13: 19660909 198801 2 002 | H13: 32143 | I13: 33420 | J13: IIIb | K13: 39904 | L13: 16 | M13: 3
A14: 10 | B14: Rinda Ari Puspita, Amd. KG | C14: Jombang | D14: 27-11-1987 | E14: D III | F14: Terapis Gigi dan Mulut | G14: 19871127 201001 2 008 | H14: 40179 | I14: 40878 | J14: IIIb | L14: 10 | M14: 3 | N14: 16 04 5 2 2 22-4497124 | O14: 46718 | P14: 446/9618/418.25/2019 | Q14: 44892 | R14: SIP Mati
A15: 11 | B15: dr. Rizky Rachmat Kurniawan | C15: Samarinda | D15: 35134 | E15: S1 | F15: Dokter Pertama | G15: 19960310 202203 1 005 | H15: 44621 | I15: 44986 | J15: III/b | K15: 44986 | L15: 1 | M15: 0 | N15: 3.5111001e+15 | O15: 45361 | P15: 446/4821/418.25/2022 | Q15: 45361
A16: 12 | B16: Supatemi, Amd.Keb | C16: Kediri | D16: 06-03-1972 | E16: D III | F16: Bidan Mahir | G16: 19720306 200604 2 014 | H16: 38808 | I16: 39539 | J16: IIIa | K16: 44470 | L16: 22 | M16: 0 | N16: 16 02 6 2 2 23-4572343 | O16: 46818 | P16: 446/2431/418.25/2020 | Q16: 44626 | R16: SIP Mati
A17: 13 | B17: Anik Sri Purwati, Amd. Keb. | C17: Kediri | D17: 06-08-1974 | E17: D III | F17: Bidan Mahir | G17: 19740806 200604 2 022 | H17: 38808 | I17: 39539 | J17: IIIa | K17: 44470 | L17: 22 | M17: 0 | N17: 16 02 5 2 2 22-4468115 | O17: 46605 | P17: 446/17079/418.25/2022 | Q17: 06/082027
A18: 14 | B18: Enny Nurhayati, Amd.. Keb. | C18: Jombang | D18: 27334 | E18: D III | F18: Bidan Mahir | G18: 19741101 200604 2 014 | H18: 38808 | I18: 39539 | J18: IIIa | K18: 44470 | L18: 23 | M18: 0 | N18: 16 02 5 2 2 22-4533496 | O18: 46692 | P18: 446/1315/418.25/2023 | Q18: 46692
A19: 15 | B19: Sulisni, Amd. Keb. | C19: Jombang | D19: 15-03-1975 | E19: D III | F19: Bidan Mahir | G19: 19750315 200604 2 031 | H19: 38808 | I19: 39539 | J19: IIIa | K19: 44470 | L19: 21 | M19: 0 | N19: 16 02 5 2 2 22-4258495 | O19: 46461 | P19: 446/6909/418.25/2022 | Q19: 46461
A20: 16 | B20: Estu Rahayuningsih, Amd. Keb. | C20: Pati | D20: 17-11-1975 | E20: D III | F20: Bidan Pelaksana Lanutan | G20: 19751117 200701 2 010 | H20: 39083 | I20: 39995 | J20: IIIa | K20: 44835 | L20: 22 | M20: 0 | N20: 16 02 5 2 2 22-4503131 | O20: 46708 | P20: 446/183/418.25/2023 | Q20: 46708
A21: 17 | B21: Prihatiningtyas, Amd. Keb. | C21: Kediri | D21: 21-05-1976 | E21: D III | F21: Bidan Pelaksana Lanjutan | G21: 19760521 200701 2 012 | H21: 39083 | I21: 39995 | J21: IIIa | K21: 44835 | L21: 22 | M21: 0 | N21: 16 02 5 2 1 17-2096355 | O21: 44702 | P21: 446/21.304/418.25/2018 | Q21: 44702 | R21: STR dan SIP Mati
A22: 18 | B22: Mey Idayati, Amd.Kep | C22: Kediri | D22: 07-05-1987 | E22: D III | F22: Perawat Mahir | G22: 19870507 201402 2 001 | H22: 41671 | I22: 42095 | J22: IIIb | K22: 45200 | L22: 10 | M22: 4 | N22: 16 01 5 2 2 21-4011045 | O22: 46149 | P22: KS.06/1813/418.25/2023 | Q22: 46149
A23: 19 | B23: Istikaroh | C23: Kediri | D23: 23907 | E23: SLTA | F23: Pengadministrasi Umum | G23: 19650614 199203 2 007 | H23: 33664 | J23: IId | K23: 42461 | L23: 21 | M23: 1
A24: 20 | B24: Sito Luncono Setio Utomo | C24: Surabaya | D24: 06-05-1979 | E24: SLTA | F24: Pengadministrasi Kepegawaian | G24: 19790506 201001 1 027 | H24: 40179 | I24: 40909 | J24: lld | K24: 44652 | L24: 17 | M24: 6
A25: 21 | B25: Siti Aminah, Amd Kep. | C25: Kediri | D25: 31992 | E25: DIII | F25: Perawat Terampil | G25: 19870803 201903 2 005 | H25: 43525 | I25: 44044 | J25: Iid | K25: 44835 | L25: 6 | M25: 7 | N25: 16 01 5 2 2 19-3076593 | O25: 45507 | P25: 446/1334/418.25/2020 | Q25: 45507
A26: 22 | B26: Nuryana Vidya C, Amd.Kep | C26: Kediri | D26: 26-03-1997 | E26: D III | F26: Perawat Pelaksana | G26: 19970326 202012 2 013 | H26: 44166 | I26: 44621 | J26: llc | K26: 44621 | L26: 4 | M26: 3 | N26: 16 01 5 2 1 19-3056011 | O26: 45377 | P26: 446/20242/418.25/2022 | Q26: 45377
A27: 23 | B27: Novia Anjarwati, Amd. Kes | C27: Nganjuk | D27: 35028 | E27: D III | F27: Sanitarian Pelaksana | G27: 19951125 202012 2 013 | H27: 44166 | I27: 44621 | J27: llc | K27: 44621 | L27: 4 | M27: 3 | N27: 16 12 5 2 1 18-1578599 | O27: 45255 | R27: SIP Proses Pengurusan
A28: 24 | B28: Dinung Wahyu Purwanti | C28: Kediri | D28: 33974 | E28: D III | F28: Bidan Terampil | G28: 19930105 202221 2 001 | H28: 43862 | I28: 44621 | J28: VII | K28: 44562 | L28: - | M28: 5 | N28: 16 02 5 2 1 19-3055219 | O28: 45296 | P28: 446/1616/418.25/2022 | Q28: 45296
A29: 25 | B29: Susi Winda Wandari, Amd Keb | C29: Kediri | D29: 34429 | E29: D-III | F29: Bidan Terampil | G29: 19940405 202321 2 005 | H29: 45017 | I29: - | J29: VII | K29: - | L29: - | M29: - | N29: 16 02 5 2 2 22-1195615 | O29: 46117 | P29: 446/11556/418.25/2022 | Q29: 46117
A30: 26 | B30: Desi Natalia, SST | C30: Kediri | D30: 32866 | E30: D IV | G30: 3506216412890001 | H30: - | I30: - | J30: - | K30: - | L30: - | M30: - | N30: 16 02 5 2 2 23-4622522 | O30: 47111 | P30: KS.06/1440/418.25/2023 | Q30: 47111
A31: 27 | B31: Devi Ardianti, SE | C31: Kediri | D31: 34763 | E31: S 1 | G31: 3506164503950002 | H31: - | I31: - | J31: - | K31: - | L31: - | M31: -
A32: 28 | B32: Vivi Juni Mega A, S.Tr.Keb | C32: Kediri | D32: 34855 | E32: D IV | G32: 3506214506950001 | H32: - | I32: - | J32: - | K32: - | L32: - | M32: - | N32: 16 02 5 2 1 19-3161528 | O32: 45448 | P32: 446/1344/418.25/2020 | Q32: 45448
A33: 29 | B33: Anieta Yuni Purnawati, Amd.Keb | C33: Kediri | D33: 33041 | E33: D III | G33: 3506215706900001 | H33: - | I33: - | J33: - | K33: - | L33: - | M33: - | N33: 16 02 5 2 1 19-2426282 | O33: 45460 | P33: 446/19.141/418.25/2019 | Q33: 45460
A34: 30 | B34: Della Karisma Lutfiana, Amd. Gz | C34: Kediri | D34: 35526 | E34: D III | G34: 3506144604970001 | H34: - | I34: - | J34: - | K34: - | L34: - | M34: - | N34: 16 09 5 2 1 18-2390027 | O34: 45022 | P34: 446/18.069/418.25/2019 | Q34: 45022 | R34: STR dan SIP Mati
A35: 31 | B35: Slamet Riadi | C35: Kediri | D35: 28995 | E35: SMA | G35: 3506212005790003 | H35: - | I35: - | J35: - | K35: - | L35: - | M35: -
A36: 32 | B36: Anita Sumariati | C36: Madiun | D36: 31049 | E36: SMP | G36: 3506214101850002 | H36: - | I36: - | J36: - | K36: - | L36: - | M36: -
A37: 33 | B37: Mimin Asmawati | C37: Kediri | D37: 29053 | E37: SMK | G37: 3506215707790002 | H37: - | I37: - | J37: - | K37: - | L37: - | M37: -
A38: 34 | B38: Shindy Erlina Putri Pramujib | C38: Kediri | D38: 35245 | E38: S1 | G38: 3506166906960001 | H38: - | I38: - | J38: - | K38: - | L38: - | M38: -
A39: 35 | B39: Fitria Indriyani | C39: Kediri | D39: 35476 | E39: D-1 | G39: 3506215502970001 | H39: - | I39: - | J39: - | K39: - | L39: - | M39: - | R39: STR dan SIP belum ada
A40: 36 | B40: dr. Moch. Edwin Adriyanto | C40: Kediri | D40: 30298 | E40: S-1 | G40: 3506131312820001 | H40: - | I40: - | J40: - | K40: - | L40: - | M40: - | N40: 3.5111001e+15 | O40: 46004 | P40: 446/15915/418.25/20220 | Q40: 46004
A41: 37 | B41: Cendy Santia KS, Amd AK | C41: Kediri | D41: 33851 | E41: D-III | G41: 3506154409920001 | H41: - | I41: - | J41: - | K41: - | L41: - | M41: - | N41: 16 14 5 2 1 19-3114432 | O41: 45539 | P41: 446/19670/418.25/2020 | Q41: 45539 | R41: Berkas STR belum ada
A42: 38 | B42: Mistiani Saputri, Amd Kom | C42: Kediri | D42: 35907 | E42: D-III | G42: 3506266204980003 | H42: - | I42: - | J42: - | K42: - | L42: - | M42: -
A43: 39 | B43: Rani Rosita , Amd Keb | C43: Kediri | D43: 33861 | E43: D-III | G43: 3506265409920003 | H43: - | I43: - | J43: - | K43: - | L43: - | M43: - | N43: 16 02 5 2 1 18-2200918 | O43: 45244 | P43: 446/4569/418.25/2022 | Q43: 45244
A44: 40 | B44: Rise Nisa' Meiula Naaifah | C44: Kediri | D44: 36647 | E44: D-III | G44: 3506164105000001 | H44: - | I44: - | J44: - | K44: - | L44: - | M44: - | N44: 16 10 5 2 1 22-4152697 | O44: 46508
A45: 41 | B45: Shalikul Hadi, SKM | C45: Kediri | D45: 36776 | E45: S-1 | G45: 3506161109000001 | H45: - | I45: - | J45: - | K45: - | L45: - | M45: -

Sheet Sheet1
A1: Lampiran Akurasi Data Personal Pegawai
A3: NO | B3: NIP PEGAWAI | C3: NAMA | D3: ALAMAT | E3: EMAIL | F3: NO HP | G3: NO NPWP | H3: NIK | I3: NO KK | J3: NO BPJS | K3: NO KARPEG | L3: NO KARIS/KARSU | M3: STR | O3: SIP | Q3: KET
M4: NOMOR | N4: BERLAKU | O4: NOMOR | P4: BERLAKU
A5: 1 | B5: 19750423-200212-2-005 | C5: dr. Durotun Nafisa | D5: Dsn. Balongjeruk Rt/Rw 001/001 Ds. Balongjeruk Kec. Kunjang | E5: nafisa.fariddr@gmail.com | F5: 0812-5318-213 | G5: 24.933.183.6-655.000 | H5: 3506216304750001 | K5: 162303
A6: 2 | B6: 19810604-200902-2-004 | C6: drg. Putri Emyta L | D6: Jl. Medang Kamolan II/18 Rt/Rw 032/008 Ds. Balowerti Kec. Kota Kab. Kediri | E6: putriemyta04@gmail.com | F6: 0851-5747-8852 | G6: 34.359.132.7-531.000 | H6: 3506124406810001 | I6: 3571022812200010 | J6: 0000149032236 | K6: 313387
A7: 3 | B7: 19700508-199203-1-003 | C7: Setya Budi,S Kep, Ners | D7: Dsn. Pulorejo Rt/Rw 001/019 Ds. Krecek Kec. Badas | E7: setyab71@gmail.com | F7: 0812-4984-8689 | G7: 64.332.469.2-655.000 | H7: 3506260805700002 | I7: 3506261312101101 | J7: 0000112331092
A8: 4 | B8: 19671215-198811-2-002 | C8: Jema'i.,Amd.Keb | D8: Dsn. Blereng Rt/Rw 002/004 Ds. Sumberjo KeC. Purwoasri | E8: jemaimai67@gmail.com | F8: 0857-3269-9849 | G8: 64.317.176.2-655.000 | H8: 3506155512670001 | I8: 3506152604210002 | J8: 0000108061683 | K8: 734468
A9: 5 | B9: 19691030-199203-2-008 | C9: Luluk Listyaningsih.,Amd.Gz | D9: Dsn. Kunjang Kidul Rt/Rw 003/001 Ds. Kunjang Kec. Kunjang | E9: listyaningsihluluk@gmail.com | F9: 0852-3126-6158 | G9: 64.317.191.1-655.000 | H9: 3506217010690003 | I9: 3506211512100528 | J9: 0000108447546 | K9: 054048 | L9: 283980
A10: 6 | B10: 19810704-200901-1-004 | C10: Daril Rahmatullah.,S.Farm | D10: Jl. Supriyadi No.108 Rt/Rw 002/005 Desa Kudu Kec. Kertosono | E10: daril2day@gmail.com | F10: 0817-0419-935 | G10: 24.204.476.6-655.000 | H10: 3518080407810002
A11: 7 | B11: 19710125-199203-2-010 | C11: Yuanendah, SST | D11: Dsn. Maduh Rt/Rw 012/005 Ds. Pakis Kec. Kunjang | E11: yuanendah4@gmail.com | F11: 0822-5716-2779 | G11: 64.317.172.1-655.000 | H11: 3506216501710002 | I11: 3506212301200013 | J11: 0000108062177 | K11: 056043
A12: 8 | B12: 19810801-200604-2-027 | C12: Barokatul Fitriah S.Kep, Ners | D12: Dsn. Gampengrejo Rt/Rw 003/001 Ds. Ngampel Kec. Papar | E12: bfitriah94@gmail.com | F12: 0857-3642-2226 | G12: 66.794.113.2-655.000 | H12: 3506144108810002 | I12: 3506141208110002 | J12: 0000108061468 | K12: 205705
A13: 9 | B13: 19780908-199903-2-001 | C13: Fitri Ariani I Amd, AK | D13: Dsn. Muneng Wetan Rt/Rw 001/004 Ds. Muneng Kec. Purwoasri | E13: nabilazzamorin@gmail.com | F13: 0857-0689-7974 | G13: 70.947.843.2-602.000 | H13: 3517014809780002 | I13: 3506152808200003 | J13: 0000108061536 | K13: 102763
A14: 10 | B14: 19660909-198801-2-002 | C14: Umi Kulsum | D14: Dusun. Kapi Rt/Rw 008/002 Desa.Kapi Kec.Kunjang | E14: 09091966@gmail.com | F14: 0813-3596-7481 | G14: 64.317.174.7-655.000 | H14: 3506214909660002 | I14: 3506210912104148 | J14: 0000108061615 | K14: 820305
A15: 11 | B15: 19871127-201001-2-008 | C15: Rinda Ari Puspita.,Amd.KG | D15: Dsn. Kuripan Rt/Rw 001/002 Ds. Kendalsari Kec. Sumobito Kab. Jombang | E15: rindaari39@gmail.com | F15: 0821-4163-8954 | G15: 73.777.489.3-602.000 | H15: 3576026711870005 | I15: 3517111401150001 | J15: 0000200501987 | K15: 111454
A16: 12 | B16: 19960310-202203-1-005 | C16: dr.Rizky Rachmat Kurniawan | D16: Jl. Arumdalu no.146 Rt/Rw 002/002 Ds.Brenggolo Kec.Plosoklaten | E16: Richie.rachmat@gmail.com | F16: 0853-3121-8637 | G16: 91.775.407.9-724.000 | H16: 6408041003960005 | I16: 6408043110190015 | J16: 0000165972159
A17: 13 | B17: 19720306-200604-2-014 | C17: Supatemi, SST | D17: Dsn. Juwet Rt/Rw 006/002 Ds. Juwet Kec. Kunjang | E17: supatemivio@gmail.com | F17: 0812-1749-5433 | G17: 25.177.579.7-655.000 | H17: 3506214603720001 | I17: 3506212912110001 | J17: 0000108062087 | K17: 205742
A18: 14 | B18: 19740806-200604-2-022 | C18: Anik Sri Purwati.,Amd.Keb | D18: Dsn. Klepek Rt/Rw 006/002 Ds. Klepek Kec. Kunjang | E18: aniksripurwanti41@gmail.com | F18: 0822-3334-1030 | G18: 55.441.077.9-655.000 | H18: 3506214608740001 | I18: 3506210912100076 | J18: 0000108061424 | K18: 205758 | L18: 84333
A19: 15 | B19: 19741101-200604-2-014 | C19: Enny Nurhayati.,Amd.Keb | D19: Dsn. Kuwik Rt/Rw 002/002 Ds. Kuwik Kec. Kunjang | E19: enny.nurhayati1974@gmail.com | F19: 0856-0634-1768 | G19: 66.138.382.8-655.000 | H19: 3506214111740001 | I19: 3506211012102111 | J19: 0000108061514 | K19: 205710 | L19: 084372
A20: 16 | B20: 19750315-200604-2-031 | C20: Sulisni.,Amd.Keb | D20: Dsn. Gambiran Rt/Rw 001/002 Ds. Parelor Kec. Kunjang | E20: sulisniabhi@gmail.com | F20: 0812-3215-6810 | G20: 64.317.179.6-655.000 | H20: 3506215503750001 | I20: 3506211012103142 | J20: 0000108320894 | K20: 205743 | L20: 009841
A21: 17 | B21: 19751117-200701-2-010 | C21: Estu Rahayuningsih.,Amd.Keb | D21: Dsn. Bungkul Rt/Rw 004/007 Ds. Kapas Kec. Kunjang | E21: estuberlian@gmail.com | F21: 0822-5716-2779 | G21: 64.317.184.6-655.000 | H21: 3506215711750001 | I21: 3506210406120001 | J21: 0000108447243 | K21: 545918
A22: 18 | B22: 19760521-200701-2-012 | C22: Prihatiningtyas.,Amd.Keb | D22: Dsn. Tenggerlor Rt/Rw 001/001 Ds. Tenggerlor Kec.Kunjang | E22: prihatiningtyas35@gmail.com | F22: 0822-3063-6881 | G22: 55.617.482.9-655.000 | H22: 3506216105760001 | I22: 3506210712100412 | J22: 0000108447761 | K22: 545920
A23: 19 | B23: 19650614-199203-2-007 | C23: Istikaroh | D23: Dsn. Wonorejo Rt/Rw 003/001 Ds. Wonorejo Kec. Kunjang | E23: istikarohayu@gmail.com | F23: 0821-4238-8971 | G23: 64.317.182.0-655.000 | H23: 3506215406650002 | I23: 3506210912100603 | J23: 00001080616590 | K23: 989509
A24: 20 | B24: 19870803-201903-2-005 | C24: Siti Aminah. Amd. Kep | D24: Jl. Anjasmoro No. 5 Rt/Rw 002/005 Ds. Pare Kec. Pare | E24: daniswara.shety@gmail.com | F24: 0813-5717-2818 | G24: 83.362.987.6-655.000 | H24: 3506174308870002 | I24: 3506171907120022 | J24: 0001827151389 | L24: 02033841
A25: 21 | B25: 19970326-202012-2-013 | C25: Nuryana Vidya C, Amd.Kep | D25: Dsn. Kapi Rt/Rw 002/001 Ds. Kapi Kec.Kunjang | E25: nuryanav@gmail.com | F25: 0813-3314-3823 | G25: 96.961.365.2-655.000 | H25: 3506216603970003 | I25: 3506211011200001 | J25: 0002936133494
A26: 22 | B26: 19951125-202012-2-013 | C26: Novia Anjarwati, Amd. Kes | D26: Dsn. Juwono Rt/Rw 004/002 Ds. Juwono Kec. Kertosono | E26: noviaanjar25@gmail.com | F26: 0895-3684 -08637 | G26: 41.031.886.9-655.000 | H26: 3518086511950002 | I26: 3518080810200010 | J26: 0002908128666
A27: 23 | B27: 19790506-201001-1-027 | C27: Sito Luncono Setio Utomo | D27: Dsn. Menang Rt/Rw 002/004 Ds. Menang Kec. Pagu | E27: loencono79@gmail.com | F27: 0813-3551-0010 | G27: 70.062.870.4-952.000 | H27: 9111020605790003 | I27: 3506111012150001 | J27: 0001306953156 | K27: 067509 | L27: 02008812
A28: 24 | B28: 19930105-202221-2-001 | C28: Dinung Wahyu Purwanti | D28: Dsn. Gebyaran Rt/Rw 004/006 Ds. Puhjarak Kec. Plemahan | E28: dinungwahyu7@gmail.com | F28: 0857-9033-8197 | G28: 53.219.514.6-655.000 | H28: 3506164501930001 | I28: 3506160610170002 | J28: 0003281394993
A29: 25 | B29: 19870507-201402-2-001 | C29: Mey Idayati, A.Md.Kep | D29: Dsn. Sugih Waras Rt/Rw 002/002 Ds.Kuwik Kec.Kunjang | E29: meiidayati34@gmail.com | F29: 0856-4995-5671 | G29: 66.815.556.7-655.000 | H29: 3506214705870000 | I29: 3506211711160000 | J29: 0000675751623 | K29: B 02002464 | L29: BB 02001834 | M29: 16 01 5 2 2 21-4011045 | N29: 46149 | O29: 503.2/586.1/kab/sipp/vll/2021 | P29: 46149
C32: Keterangan : | H32: Kepala UPTD Puskesmas Kunjang
B33: 1 | C33: Format File dalam bentuk excel
B34: 2 | C34: Penulisan NIP diberi tanda strip "-" (Sesuai Contoh)
H36: dr. Durotun Nafisa
H37: NIP. 19750423 200212 2 005

Sheet Sheet2
A1: No | B1: Nama | C1: STR | D1: BERLAKU | E1: SIP | F1: BERLAKU | G1: KET
A2: 1 | B2: BU AFIS | G2: STR MATI
A3: 2 | B3: ENDAH | G3: sip tidak ada
A4: 3 | B4: bu fitri | G4: mati semua
A5: 4 | B5: bu rinda | G5: sip mati
A6: 5 | B6: dr rizky | G6: sip tidak ada
A7: 6 | B7: bu supatemi | G7: sip tidak ada
A8: 7 | B8: bu tyas | G8: tidak ada semua
A9: 8 | B9: novi | G9: sip tidak ada
A10: 9 | B10: della | G10: sip tidak ada
A11: 10 | B11: indri | G11: tidak ada semua
A12: 11 | B12: cendy | G12: tidak ada semua
A13: 12 | B13: dr edwin | G13: sip tidak ada

Sheet Sheet3
A2: NO | B2: NAMA | C2: NIK
A3: 1 | B3: dr. Durotun Nafisa | C3: 3506216304750001
A4: 2 | B4: drg. Putri Emyta L | C4: 3506124406810001
A5: 3 | B5: Setya Budi,S Kep, Ners | C5: 3506260805700002
A6: 4 | B6: Jema'i.,Amd.Keb | C6: 3506155512670001
A7: 5 | B7: Luluk Listyaningsih.,Amd.Gz | C7: 3506217010690003
A8: 6 | B8: Daril Rahmatullah.,S.Farm | C8: 3518080407810002
A9: 7 | B9: Yuanendah, SST | C9: 3506216501710002
A10: 8 | B10: Barokatul Fitriah S.Kep, Ners | C10: 3506144108810002
A11: 9 | B11: Fitri Ariani I Amd, AK | C11: 3517014809780002
A12: 10 | B12: Umi Kulsum | C12: 3506214909660002
A13: 11 | B13: Rinda Ari Puspita.,Amd.KG | C13: 3576026711870005
A14: 12 | B14: dr.Rizky Rachmat Kurniawan | C14: 6408041003960005
... A43: 41 | B43: Shalikul Hadi, SKM | C43: 3506161109000001

Sheet Sheet4
A1: DAFTAR STR DAN SIP PEGAWAI
A2: UPTD PUSKESMAS KUNJANG
A4: No | B4: Nama | C4: STR | E4: SIP | G4: Ket
C5: Nomer | D5: Berlaku | E5: Nomer | F5: Berlaku
A6: 1 | B6: dr.Durotun Nafisa | C6: 35 2 1 100 4 22 012392 | D6: 46500 | E6: 446/3247/418.25/2022 | F6: 46500 | G6: Berkas STR belum ada
A7: 2 | B7: drg. Putri Emyta Sari | C7: 3522100422022576 | D7: 46542 | E7: 446/5418/418.25/2022 | F7: 46542
A8: 3 | B8: Jema’I, Amd.. Keb. | C8: 16 02 5 2 2 22-4473580 | D8: 46736 | E8: 446/17418/418.25/2022 | F8: 46736
A9: 4 | B9: Setya Budi, Amd., Kep | C9: 16 01 7 2 2 22-4376440 | D9: 46515 | E9: 446/13309/418.25/2022 | F9: 46515
A10: 5 | B10: Luluk Listyaningsih,AMG | C10: 16 09 5 2 21 23/4750531 | D10: 47056 | E10: 446/16.410/418.25/2028 | F10: 47056
A11: 6 | B11: Yuanendah, SST. | C11: 16 02 6 2 2 22-4545675 | D11: 46412 | G11: SIP belum ada
A12: 7 | B12: Daril Rahmatullah, S. Farm. | C12: 19810704/STRA-UGM/2005/12051 | D12: 46207 | E12: 19810704/SIPA-35.06/2021/1162 | F12: 46207
A13: 8 | B13: Fitri Ariani Isnaningtyas, Amd.AK | C13: 16 14 5 2 2 17-2135509 | D13: 44812 | E13: 446/19671/418.25/2020 | F13: 44812 | G13: STR dan SIP Mati
A14: 10 | B14: Rinda Ari Puspita, Amd. KG | C14: 16 04 5 2 2 22-4497124 | D14: 46718 | E14: 446/18760/418.25/2022 | F14: 46718
A15: 11 | B15: dr. Rizky Rachmat Kurniawan | C15: 3511100120219553 | D15: 45361 | E15: 446/4821/418.25/2022 | F15: 45361
A16: 12 | B16: Supatemi, Amd.Keb | C16: 16 02 6 2 2 23-4572343 | D16: 46818 | E16: 446/2431/418.25/2020 | F16: 44626 | G16: SIP Mati
A17: 13 | B17: Anik Sri Purwati, Amd. Keb. | C17: 16 02 5 2 2 22-4468115 | D17: 46605 | E17: 446/17079/418.25/2022 | F17: 06/082027
A18: 14 | B18: Enny Nurhayati, Amd.. Keb. | C18: 16 02 5 2 2 22-4533496 | D18: 46692 | E18: 446/1315/418.25/2023 | F18: 46692
A19: 15 | B19: Sulisni, Amd. Keb. | C19: 16 02 5 2 2 22-4258495 | D19: 46461 | E19: 446/6909/418.25/2022 | F19: 46461
A20: 16 | B20: Estu Rahayuningsih, Amd. Keb. | C20: 16 02 5 2 2 22-4503131 | D20: 46708 | E20: 446/183/418.25/2023 | F20: 46708
A21: 17 | B21: Prihatiningtyas, Amd. Keb. | C21: 16 02 5 2 1 17-2096355 | D21: 44702 | E21: 446/21.304/418.25/2018 | F21: 44702 | G21: STR dan SIP Mati
A22: 18 | B22: Mey Idayati, Amd.Kep | C22: 16 01 5 2 2 21-4011045 | D22: 46149 | E22: KS.06/1813/418.25/2023 | F22: 46149
A23: 20 | B23: Sito Luncono Setio Utomo
A24: 21 | B24: Siti Aminah, Amd Kep. | C24: 16 01 5 2 2 19-3076593 | D24: 45507 | E24: 446/1334/418.25/2020 | F24: 45507 | K24: `
A25: 22 | B25: Nuryana Vidya C, Amd.Kep | C25: YV00001133815193 | D25: 45377 | E25: 446/20242/418.25/2022 | F25: 45377
A26: 23 | B26: Novia Anjarwati, Amd. Kes | C26: 16 12 5 2 1 18-1578599 | D26: 45255 | E26: KS.06/198/418.25/9/2023 | F26: 45255
A27: 24 | B27: Dinung Wahyu Purwanti | C27: 16 02 5 2 1 19-3055219 | D27: 45296 | E27: 446/1616/418.25/2022 | F27: 45296
A28: 25 | B28: Susi Winda Wandari, Amd Keb | C28: 16 02 5 2 2 23-4784611 | D28: 46848 | E28: KS.06/707/418.25/9/2023 | F28: 46848
A29: 26 | B29: Desi Natalia, SST | C29: 16 02 5 2 2 23-4622522 | D29: 47111 | E29: KS.06/1440/418.25/2023 | F29: 47111
A30: 27 | B30: Devi Ardianti, SE
A31: 28 | B31: Vivi Juni Mega A, S.Tr.Keb | C31: 16 02 5 2 1 19-3161528 | D31: 45448 | E31: 446/1344/418.25/2020 | F31: 45448
A32: 29 | B32: Anieta Yuni Purnawati, Amd.Keb | C32: 16 02 5 2 1 19-2426282 | D32: 45460 | E32: 446/19.141/418.25/2019 | F32: 45460
A33: 30 | B33: Della Karisma Lutfiana, Amd. Gz | C33: 16 09 5 2 2 23-4752009 | D33: 46849 | E33: 446/18.069/418.25/2019 | F33: 45022 | G33: SIP Mati
A34: 31 | B34: Slamet Riadi
A35: 32 | B35: Anita Sumariati
A36: 33 | B36: Mimin Asmawati
A37: 34 | B37: Shindy Erlina Putri Pramujib
A38: 35 | B38: Fitria Indriyani | G38: STR dan SIP belum ada
A39: 37 | B39: Cendy Santia KS, Amd AK | C39: 16 14 5 2 1 19-3114432 | D39: 45539 | E39: 446/19670/418.25/2020 | F39: 45539
A40: 38 | B40: Mistiani Saputri, Amd Kom
A41: 39 | B41: Rani Rosita , Amd Keb | C41: 16 02 5 2 1 18-2200918 | D41: 45244 | E41: 446/4569/418.25/2022 | F41: 45244
A42: 40 | B42: Rise Nisa' Meiula Naaifah | C42: 16 10 5 2 1 22-4152697 | D42: 46508 | E42: KS.06/2021/418.25/2023 | F42: 46508
A43: 41 | B43: Shalikul Hadi, SKM | G43: STR Belum ada
A46: KET : | B46: STR Yang habis masa berlaku tahun 2023
A47: 1 | B47: Novia Anjarwati, Amd. Kes | C47: 45255
A48: 2 | B48: Rani Rosita , Amd Keb | C48: 45244

Sheet Sheet5
A1: REKAP KINERJA PEGAWAI
A2: UPTD PUSKESMAS KUNJANG
A3: Tahun 2023
A5: No | B5: Nama | C5: Januari | E5: Februari | G5: Maret | I5: April | K5: Mei | M5: Juni | O5: Juli | Q5: Agustus | S5: September | U5: Oktober | W5: November | Y5: Desember
C6: Kinerja | D6: Prosentase | E6: Kinerja | F6: Prosentase | G6: Kinerja | H6: Prosentase | I6: Kinerja | J6: Prosentase | K6: Kinerja | L6: Prosentase | M6: Kinerja | N6: Prosentase | O6: Kinerja | P6: Prosentase | Q6: Kinerja | R6: Prosentase | S6: Kinerja | T6: Prosentase | U6: Kinerja | V6: Prosentase | W6: Kinerja | X6: Prosentase | Y6: Kinerja | Z6: Prosentase
C7: ( Menit ) | D7: ( % ) | E7: ( Menit ) | F7: ( % ) | G7: ( Menit ) | H7: ( % ) | I7: ( Menit ) | J7: ( % ) | K7: ( Menit ) | L7: ( % ) | M7: ( Menit ) | N7: ( % ) | O7: ( Menit ) | P7: ( % ) | Q7: ( Menit ) | R7: ( % ) | S7: ( Menit ) | T7: ( % ) | U7: ( Menit ) | V7: ( % ) | W7: ( Menit ) | X7: ( % ) | Y7: ( Menit ) | Z7: ( % )
A8: 1 | B8: dr.Durotun Nafisa
A9: 2 | B9: drg. Putri Emyta Sari | C9: 8620 | D9: 127.70% | E9: 7665 | F9: 113.56% | G9: 8850 | H9: 131.11% | I9: 5120 | J9: 75.85% | K9: 6790 | L9: 100.59% | M9: 7070 | N9: 104.74 | O9: 6450 | P9: 95.56% | Q9: 7450 | R9: 110.37%
A10: 3 | B10: Jema’I, Amd.. Keb. | C10: 8130 | D10: 120.44% | E10: 5430 | F10: 80.44% | G10: 8070 | H10: 119.56% | I10: 5580 | J10: 82.67% | K10: 6660 | L10: 98.67% | M10: 4800 | N10: 71.11% | O10: 7470 | P10: 110.67% | Q10: 8280 | R10: 122.67% | S10: 8220 | T10: 121.78% | U10: 7590 | V10: 1.1244
A11: 4 | B11: Setya Budi, Amd., Kep | C11: 5195 | D11: 76.96% | E11: 6670 | F11: 98.81% | G11: 7020 | H11: 1.04 | I11: 4230 | J11: 62.67% | K11: 7490 | L11: 110.96% | M11: 4530 | N11: 67.11% | O11: 6240 | P11: 92.44% | Q11: 9050 | R11: 134.07%
A12: 5 | B12: Luluk Listyaningsih,AMG | C12: 9410 | D12: 139.41% | E12: 2790 | F12: 41.33% | G12: 8640 | H12: 1.28 | I12: 5600 | J12: 82.96% | K12: 8943 | L12: 132.49% | M12: 6975 | N12: 103.33% | O12: 8985 | P12: 133.11% | Q12: 9270 | R12: 137.33% | S12: 9140 | T12: 1.3541 | U12: 8925 | V12: 1.3222 | W12: 9120 | X12: 1.3511 | Y12: 7740 | Z12: 1.1467
A13: 6 | B13: Yuanendah, SST.
A14: 7 | B14: Daril Rahmatullah, S. Farm. | D14: 99.78% | F14: 58.37% | H14: 117.33% | J14: 42.22% | L14: 79.11% | N14: 81.78% | P14: 84.44% | R14: 127.93% | S14: 7665 | T14: 113.56%
A15: 8 | B15: Fitri Ariani Isnaningtyas, Amd.AK | C15: 4255 | D15: 63.04% | E15: 3861 | F15: 57.20% | G15: 2975 | H15: 44.07% | I15: 1260 | J15: 18.67% | K15: 4855 | L15: 71.93% | M15: 1570 | N15: 23.26% | O15: 6445 | P15: 95.48 | Q15: 8275 | R15: 122.59%
A16: 9 | B16: Umi Kulsum
A17: 10 | B17: Rinda Ari Puspita, Amd. KG | C17: 7635 | D17: 113.11% | E17: 7440 | F17: 116.22% | G17: 6900 | H17: 102.22% | I17: 5970 | J17: 88.44% | K17: 8160 | L17: 120.89% | M17: 5460 | N17: 80.89% | O17: 8040 | P17: 119.11% | Q17: 8480 | R17: 125.63% | S17: 8960 | T17: 132.74%
A18: 11 | B18: dr. Rizky Rachmat Kurniawan
A19: 12 | B19: Supatemi, Amd.Keb | C19: 9151 | D19: 1.3563 | E19: 8550 | F19: 1.2667 | G19: 7655 | H19: 1.1341 | I19: 5489 | J19: 0.8132 | K19: 8520 | L19: 1.2622 | M19: 6925 | N19: 1.0259 | O19: 9055 | P19: 1.3415 | Q19: 9225 | R19: 136.67% | S19: 9225 | T19: 136.67% | U19: 8520 | V19: 1.2622 | W19: 9109 | X19: 1.3495 | Y19: 7090 | Z19: 1.0504
A20: 13 | B20: Anik Sri Purwati, Amd. Keb. | C20: 7285 | D20: 107.93% | E20: 7080 | F20: 104.89% | G20: 7080 | H20: 104.89% | I20: 5485 | J20: 81.26% | K20: 8115 | L20: 120.22% | M20: 6632 | N20: 98.25% | O20: 6775 | P20: 100.37% | Q20: 8750 | R20: 129.63% | S20: 7345 | T20: 108.81% | U20: 8195 | V20: 1.2141 | W20: 7585 | X20: 1.1237 | Y20: 6385 | Z20: 0.9459
A21: 14 | B21: Enny Nurhayati, Amd.. Keb. | C21: 8295 | D21: 122.89% | E21: 7660 | F21: 113.48% | G21: 7350 | H21: 108.89% | I21: 6555 | J21: 97.11% | K21: 8220 | L21: 121.78% | M21: 7515 | N21: 111.33% | O21: 8505 | P21: 1.26 | Q21: 8955 | R21: 132.67% | S21: 8430 | T21: 124.89% | U21: 9570 | V21: 1.4178 | W21: 9420 | X21: 1.3956 | Y21: 7905 | Z21: 1.1711
A22: 15 | B22: Sulisni, Amd. Keb. | C22: 8700 | D22: 128.89% | E22: 8580 | F22: 127.11% | G22: 8396 | H22: 124.39% | I22: 6745 | J22: 99.93% | K22: 8985 | L22: 133.11% | M22: 7855 | N22: 116.37% | O22: 8480 | P22: 125.63% | Q22: 9825 | R22: 145.56% | S22: 9075 | T22: 134.44% | U22: 9345 | V22: 1.3844 | W22: 8510 | X22: 126.07% | Y22: 8170 | Z22: 1.2104
A23: 16 | B23: Estu Rahayuningsih, Amd. Keb. | C23: 8990 | D23: 133.19% | E23: 7650 | F23: 113.33% | G23: 8190 | H23: 121.33% | I23: 8190 | J23: 121.33% | K23: 8190 | L23: 121.33% | M23: 8190 | N23: 121.33% | O23: 8280 | P23: 1.2267 | Q23: 9510 | R23: 1.4089 | S23: 8950 | T23: 132.59% | U23: 8760 | V23: 1.2978 | W23: 8460 | X23: 1.2533 | Y23: 5460 | Z23: 0.8089
A24: 17 | B24: Prihatiningtyas, Amd. Keb. | C24: 6645 | D24: 98.44% | E24: 6647 | F24: 98.47% | G24: 7174 | I24: 5415 | J24: 80.22% | K24: 8074 | L24: 119.61% | M24: 6600 | N24: 97.78% | O24: 5680 | P24: 84.15% | Q24: 8010 | R24: 118.67%
A25: 18 | B25: Mey Idayati, Amd.Kep | C25: 7070 | D25: 104.74% | E25: 8200 | F25: 121.48% | G25: 7995 | H25: 118.44% | I25: 6454 | K25: 8425 | L25: 124.81% | M25: 7425 | N25: 110.00% | O25: 8960 | P25: 132.74% | Q25: 8110 | R25: 120.15%
A26: 19 | B26: Sito Luncono Setio Utomo | C26: 7035 | D26: 104.22 | E26: 7015 | F26: 103.93 | G26: 8335 | H26: 123.48 | I26: 8335 | J26: 123.48 | K26: 8355 | L26: 123.48 | M26: 7175 | N26: 106.3 | O26: 7175 | P26: 106.3 | Q26: 7755 | R26: 114.89 | S26: 8570 | T26: 126.96% | U26: 9200 | V26: 1.363 | W26: 8440 | X26: 1.2504 | Y26: 6050 | Z26: 0.8963
A27: 20 | B27: Siti Aminah, Amd Kep. | C27: 9340 | D27: 138.37% | E27: 8490 | F27: 125.78% | G27: 9270 | H27: 137.33% | I27: 6810 | J27: 100.89% | K27: 9390 | L27: 139.11% | M27: 7830 | N27: 1.16 | O27: 8250 | P27: 122.22% | Q27: 9765 | R27: 144.67% | S27: 9080 | T27: 134.52% | U27: 9620 | V27: 1.4252
A28: 21 | B28: Nuryana Vidya C, Amd.Kep | C28: 6350 | E28: 7930 | F28: 117.48% | G28: 9000 | H28: 133.33% | I28: 5460 | J28: 80.89% | K28: 8000 | L28: 118.52% | M28: 7720 | N28: 114.37% | O28: 8320 | P28: 123.26% | Q28: 8970 | R28: 132.89% | S28: 8210 | T28: 121.63%
A29: 22 | B29: Novia Anjarwati, Amd. Kes | C29: 8750 | D29: 129.63% | E29: 8435 | F29: 124.96% | G29: 8675 | H29: 128.52% | I29: 5810 | J29: 86.07% | K29: 9370 | L29: 138.81% | M29: 7810 | N29: 115.70% | O29: 8800 | P29: 130.37% | Q29: 9460 | R29: 140.15% | S29: 8210 | T29: 1.2163 | U29: 6190 | V29: 0.917 | W29: 7750 | X29: 1.1481 | Y29: 6650 | Z29: 0.9852
A30: 23 | B30: Dinung Wahyu Purwanti | C30: 6805 | D30: 100.81% | E30: 6757 | F30: 100.10% | G30: 7255 | H30: 107.48% | I30: 2435 | J30: 36.07% | O30: 3980 | P30: 58.96% | Q30: 7610 | R30: 112.74%
A31: 24 | B31: Susi Winda Wandari, Amd Keb | K31: 6160 | L31: 91.26% | M31: 6215 | N31: 92.07% | O31: 8280 | P31: 122.67% | Q31: 9270 | R31: 137.33% | S31: 7940 | T31: 117.63%

Sheet Sheet6
A1: ABSENSI KEGIATAN OUT BOND
A2: UPTD PUSKESMAS KUNJANG
A3: TGL 20 JANUARI 2024
A5: No | B5: Nama | C5: Keluarga | D5: Ket | E5: KET
A7: 1 | B7: dr.Durotun Nafisa | C7: 3
A8: 2 | B8: drg. Putri Emyta Sari | C8: 1
A9: 3 | B9: Jema’I, Amd.. Keb. | C9: 3
A10: 4 | B10: Setya Budi, Amd., Kep | C10: 0
A11: 5 | B11: Luluk Listyaningsih,AMG | C11: 1
A12: 6 | B12: Yuanendah, SST. | C12: 2 | D12: 1 balita
A13: 7 | B13: Daril Rahmatullah, S. Farm. | C13: 2
A14: 8 | B14: Fitri Ariani Isnaningtyas, Amd.AK | C14: 0
A15: 9 | B15: Rinda Ari Puspita, Amd. KG | C15: 1
A16: 10 | B16: Supatemi, Amd.Keb | C16: 0
A17: 11 | B17: Anik Sri Purwati, Amd. Keb. | C17: 1
A18: 12 | B18: Enny Nurhayati, Amd.. Keb. | C18: 0
A19: 13 | B19: Estu Rahayuningsih, Amd. Keb. | C19: 1
A20: 14 | B20: Mey Idayati, Amd.Kep | C20: 1
A21: 15 | B21: Sito Luncono Setio Utomo | C21: 3
A22: 16 | B22: Siti Aminah, Amd Kep. | C22: 1
A23: 17 | B23: Nuryana Vidya C, Amd.Kep | C23: 0
A24: 18 | B24: Novia Anjarwati, Amd. Kes | C24: 0
... A30: 24 | B30: Slamet Riadi | C30: 2
A31: 25 | B31: Anita Sumariati | C31: 3 | D31: 1 Balita
A32: 26 | B32: Mimin Asmawati | C32: 2
A33: 27 | B33: Shindy Erlina Putri Pramujib | C33: 0
A34: 28 | B34: Fitria Indriyani | C34: 0
A35: 29 | B35: Cendy Santia KS, Amd AK | C35: 2 | D35: 1 anak
A36: 30 | B36: Rani Rosita , Amd Keb | C36: 1
A37: 31 | B37: Shalikul Hadi, SKM | C37: 0
A38: 32 | B38: dr. Vicky | C38: 0
A39: 33 | B39: dr. Firdha | C39: 0
A40: 34 | B40: dr. Emi | C40: 0

Sheet absen siang
A1: ABSEN SIANG
A2: UPTD PUSKESMAS KUNJANG
A3: TAHUN 2025
A4: HARI / TANGGAL : Rabu, 22 Januari 2025
A6: NO | B6: NAMA | C6: TANDA TANGAN | D6: KET
A7: 1 | B7: dr.Durotun Nafisa | C7: 1
A8: 2 | B8: drg. Putri Emyta Sari | C8: 2 | D8: RAPAT
A9: 3 | B9: Jema’I, Amd.. Keb. | C9: 3 | D9: PIKET SORE
A10: 4 | B10: Setya Budi, Amd., Kep | C10: 4 | D10: SAKIT
A11: 5 | B11: Luluk Listyaningsih,AMG | C11: 5 | D11: RAPAT
A12: 6 | B12: Yuanendah, SST. | C12: 6 | D12: RAPAT
A13: 7 | B13: Daril Rahmatullah, S. Farm. | C13: 7
A14: 8 | B14: Fitri Ariani Isnaningtyas, Amd.AK | C14: 8
A15: 9 | B15: Rinda Ari Puspita, Amd. KG | C15: 9
A16: 10 | B16: dr. Rizky Rachmat Kurniawan | C16: 10
A17: 11 | B17: Supatemi, Amd.Keb | C17: 11
A18: 12 | B18: Anik Sri Purwati, Amd. Keb. | C18: 12
A19: 13 | B19: Enny Nurhayati, Amd.. Keb. | C19: 13
A20: 14 | B20: Sulisni, Amd. Keb. | C20: 14
A21: 15 | B21: Estu Rahayuningsih, Amd. Keb. | C21: 15
A22: 16 | B22: Prihatiningtyas, Amd. Keb. | C22: 16
A23: 17 | B23: Mey Idayati, Amd.Kep | C23: 17 | D23: IJIN
A24: 18 | B24: Sito Luncono Setio Utomo | C24: 18
A25: 19 | B25: Siti Aminah, Amd Kep. | C25: 19
A26: 20 | B26: Nuryana Vidya C, Amd.Kep | C26: 20
A27: 21 | B27: Novia Anjarwati, Amd. Kes | C27: 21 | D27: PIKET SORE
A28: 22 | B28: Dinung Wahyu Purwanti | C28: 22
A29: 23 | B29: Susi Winda Wandari, Amd Keb | C29: 23
A30: 24 | B30: dr, Galih Catur Aji Setiawan | C30: 24 | D30: PIKET SORE
A31: 25 | B31: Musta'inul Habibi | C31: 25
A32: 26 | B32: Anieta Yuni Purnawati, Amd.Keb | C32: 26
A33: 27 | B33: Binti Khotimatul Munawaroh, A.Md.Keb | C33: 27
A34: 28 | B34: Della Anandani Harefa, Amd.Kep | C34: 28
A35: 29 | B35: Virda Nilayanti | C35: 29
A36: 30 | B36: Desi Natalia, SST | C36: 30
A37: 31 | B37: Devi Ardianti, SE | C37: 31
A38: 32 | B38: Vivi Juni Mega A, S.Tr.Keb | C38: 32
A39: 33 | B39: Della Karisma Lutfiana, Amd. Gz | C39: 33
A40: 34 | B40: Slamet Riadi | C40: 34
A41: 35 | B41: Anita Sumariati | C41: 35
A42: 36 | B42: Mimin Asmawati | C42: 36
... A45: 39 | B45: Cendy Santia KS, Amd AK | C45: 39
A46: 40 | B46: Mistiani Saputri, Amd Kom | C46: 40 | D46: PIKET SORE
A47: 41 | B47: Rani Rosita , Amd Keb | C47: 41
A48: 42 | B48: Rise Nisa' Meiula Naifah | C48: 42
A49: 43 | B49: Shalikul Hadi, SKM | C49: 43
C51: MENGETAHUI
C52: KEPALA UPTD PUSKESMAS KUNJANG
C55: dr. Durotun Nafisa
C56: NIP. 19750423 200212 2 005
A70: ABSEN PIKET
A71: UPTD PUSKESMAS KUNJANG
A72: TAHUN 2024
A73: HARI / TANGGAL : SABTU / 23 NOVEMBER 2024
A75: NO | B75: NAMA | C75: TANDA TANGAN | D75: KET
A76: 1 | C76: 1
A77: 2 | C77: 2
A78: 3 | C78: 3
A79: 4 | C79: 4
A80: 5 | C80: 5
A81: 6 | C81: 6
A82: 7 | C82: 7
A83: 8 | C83: 8
A84: 9 | C84: 9
A85: 10 | C85: 10
A86: 11 | C86: 11
A87: 12 | C87: 12
... A118: 43 | C118: 43
C120: MENGETAHUI
C121: KEPALA UPTD PUSKESMAS KUNJANG
C124: dr. Durotun Nafisa
C125: NIP. 19750423 200212 2 005

Sheet Sheet8
A1: NO | B1: NAMA | C1: GOL | D1: TMT | E1: NAMA
D2: GLNGAN | E2: JABATAN
A3: 1 | B3: dr.Durotun Nafisa | C3: Ivc | D3: 44835 | E3: Dokter Ahli Madya
A4: 2 | B4: drg. Putri Emyta Sari | C4: Ivb | D4: 45017 | E4: Dokter Gigi Ahli Madya
A5: 3 | B5: Jema’I, Amd.. Keb. | C5: IIId | D5: 41548 | E5: Administrasi Umum
A6: 4 | B6: Setya Budi, Amd., Kep | C6: IIId | D6: 42278 | E6: Perawat Penyelia
A7: 5 | B7: Luluk Listyaningsih,AMG | C7: IIId | D7: 42644 | E7: Nutrisionis Penyelia
A8: 6 | B8: Yuanendah, SST. | C8: IIId | D8: 44470 | E8: Bidan Ahli Muda
A9: 7 | B9: Daril Rahmatullah, S. Farm. | C9: IIId | D9: 43922 | E9: Apoteker Ahli Muda
A10: 8 | B10: Fitri Ariani Isnaningtyas, Amd.AK | C10: IIIc | D10: 44470 | E10: Pranata Labkes Pelaksana Penyelia
A11: 9 | B11: Rinda Ari Puspita, Amd. KG | C11: IIIb | D11: 44652 | E11: Terapis Gigi dan Mulut Mahir
A12: 10 | B12: dr. Rizky Rachmat Kurniawan | C12: III/b | D12: 44621 | E12: Dokter Pertama
A13: 11 | B13: Supatemi, Amd.Keb | C13: IIIa | D13: 44470 | E13: Bidan Mahir
A14: 12 | B14: Anik Sri Purwati, Amd. Keb. | C14: IIIa | D14: 44470 | E14: Bidan Mahir
... A24: 22 | B24: Dinung Wahyu Purwanti | C24: VII | D24: 44562 | E24: Bidan Terampil
A25: 23 | B25: Susi Winda Wandari, Amd Keb | C25: VII | D25: - | E25: Bidan Terampil
A26: 24 | B26: Desi Natalia, SST | C26: - | D26: - | E26: BIDAN DESA
A27: 25 | B27: Devi Ardianti, SE | C27: - | D27: - | E27: AKUNTANSI BOK
A28: 26 | B28: Vivi Juni Mega A, S.Tr.Keb | C28: - | D28: - | E28: BIDAN DESA
A29: 27 | B29: Anieta Yuni Purnawati, Amd.Keb | C29: - | D29: - | E29: BIDAN DESA
A30: 28 | B30: Della Karisma Lutfiana, Amd. Gz | C30: - | D30: - | E30: NUTRISIONIS
A31: 29 | B31: Slamet Riadi | C31: - | D31: - | E31: KEBERSIHAN/ SOPIR
A32: 30 | B32: Anita Sumariati | C32: - | D32: - | E32: KEBERSIHAN
A33: 31 | B33: Mimin Asmawati | C33: - | D33: - | E33: KEBERSIHAN
A34: 32 | B34: Shindy Erlina Putri Pramujib | C34: - | D34: - | E34: LOKET/ADMINISTRASI UMUM
A35: 33 | B35: Fitria Indriyani | C35: - | D35: - | E35: ASISTEN APOTEKER
A36: 34 | B36: Cendy Santia KS, Amd AK | C36: - | D36: - | E36: ANALIS KESEHATAN
... A40: 38 | B40: Shalikul Hadi, SKM | C40: - | D40: - | E40: PROMKES

Sheet Sheet7
A1: No. | B1: Nama | C1: Nama | D1: Pendidikan | E1: Status | F1: Jabatan | G1: Jenis Kelamin | H1: Jenis Tenaga | I1: Nomor STR | J1: Masa Berlaku STR | K1: SIP | L1: Tanggal SIP
A2: 1 | B2: KUNJANG | C2: Luluk Listyaningsih.,Amd.Gz | D2: D-3 Gizi | E2: PNS | F2: Nutrisionis Penyelia | G2: Perempuan | H2: Nutrisionis | I2: P2T/63/03.10/02/11/2018 | J2: 2018-2-13 s/d 2023-10-30 | K2: 446/16.410/418.25/2018 | L2: 43360
A3: 2 | B3: KUNJANG | C3: SETYA BUDI | D3: S-1 ilmu Keperawatan | E3: PNS | F3: Perawat Penyelia | G3: Laki-Laki | H3: Perawat (Non Ners) | K3: 13309/418.25/2022 | L3: 44811
A4: 3 | B4: KUNJANG | C4: Fitri Ariani Isnaningtyas Amd, AK | D4: D-3 Analis Kesehatan | E4: PNS | F4: Kesehatan Penyelia | G4: Perempuan | H4: Medik (Analis Kesehatan) | I4: 161452217-2135509 | J4: 2017-10-03 s/d 2022-09-08 | K4: 446/19671/418.25/2020 | L4: 44117
A5: 4 | B5: KUNJANG | C5: Enny Nurhayati | D5: D-3 Kebidanan | E5: PNS | F5: Bidan Mahir | G5: Perempuan | H5: Bidan Desa | I5: GU00000948508447 | K5: 446/09/418.25/2023 | L5: 44928
A6: 5 | B6: KUNJANG | C6: Prihatiningtyas.,Amd.Keb | D6: D-3 Kebidanan | E6: PNS | F6: Mahir | G6: Perempuan | H6: Bidan Desa | I6: 160252117-2096355 | J6: 2017-02-17 s/d 2022-06-21 | K6: 446/8391/418.48/2015 | L6: 42257
A7: 6 | B7: KUNJANG | C7: ANIETA YUNI PURNAWATI | D7: D-3 Kebidanan | E7: PPPK | F7: …. | G7: Perempuan | H7: Bidan Desa | I7: YR00001205785763 | K7: 446/19/141/418.25/2019 | L7: 43661
A8: 7 | B8: KUNJANG | C8: SITI AMINAH | D8: D-3 Keperawatan | E8: PNS | F8: …. | G8: Perempuan | H8: Perawat (Non Ners) | I8: ZM00000866512883 | K8: 446/1935/418.25/2017 | L8: 42769
A9: 8 | B9: KUNJANG | C9: Vivi Juni Mega Astutik | D9: S-1 ilmu Kebidanan | E9: Kontrak BLU/BLUD | F9: …. | G9: Perempuan | H9: Bidan Desa | I9: II00000974717555 | K9: 400,7,23,2/6390/418.25/2024 | L9: 45411
A10: 9 | B10: KUNJANG | C10: Daril Rahmatullah | D10: Prof Profesi Apoteker | E10: PNS | F10: Apoteker Ahli Muda | G10: Laki-Laki | H10: Apoteker | I10: UGM/2005/12051 | J10: 2021-07-16 s/d 2023-07-04 | K10: 19810704/SIPA-35,06/2021/1162 | L10: 44460
A11: 10 | B11: KUNJANG | C11: NURYANA VIDYA CAHYANINGRUM, A,Md.Kep | D11: D-3 Keperawatan | E11: PNS | F11: PERAWAT | G11: Perempuan | H11: Perawat (Non Ners) | I11: 160152119-3056011 | J11: 2019-02-08 s/d 2024-03-26 | K11: 446/2151/418.25/2023 | L11: 44217
A12: 11 | B12: KUNJANG | C12: Novia Anjarwati, A.Md,Kes | D12: D-3 Kesehatan Lingkungan | E12: PNS | F12: SANITARIAN | G12: Perempuan | H12: Sanitasi Lingkungan | I12: 161252118-1578599 | J12: 2016-10-02 s/d 2023-11-25 | K12: 163252118-1578599 | L12: 44207
A13: 12 | B13: KUNJANG | C13: DINUNG WAHYU PURWANTI,Amd,Keb | D13: D-3 Kebidanan | E13: PPPK | F13: …. | G13: Perempuan | H13: Bidan Klinis | I13: 160252119-3055219 | J13: 2019-07-04 s/d 2024-01-05 | K13: 446/1616/418.25/2022 | L13: 25569
A14: 13 | B14: KUNJANG | C14: RIZKY RACHMAT KURNIAWAN | D14: S-1 ilmu Kedokteran | E14: PNS | F14: …. | G14: Laki-Laki | H14: Dokter | I14: LZ00000415830127 | K14: 446/4821/418.25/2022 | L14: 44671
A15: 14 | B15: KUNJANG | C15: Della Karisma Lutfiana | D15: D-3 Gizi | E15: Kontrak BLU/BLUD | F15: …. | G15: Perempuan | H15: Nutrisionis | I15: WO00000963197522 | K15: 446/18.069/418.25/2019 | L15: 43644
A16: 15 | B16: KUNJANG | C16: GALIH CATUR AJI SETIAWAN | D16: S-1 ilmu Kedokteran | E16: PPPK | F16: …. | G16: Laki-Laki | H16: Dokter | I16: TV00000427758273 | K16: 400.7.22.2/7227/418.25/2024 | L16: 45420
A17: 16 | B17: KUNJANG | C17: BINTI KHOTIMATUL MUNAWAROH | D17: D-3 Kebidanan | E17: PNS | F17: …. | G17: Perempuan | H17: Bidan Klinis | I17: VW00000250221224 | K17: 446/122110/418.25/2020 | L17: 44020

Sheet Sheet9
A2: NO | B2: NAMA | C2: NIP/NIK
A3: 1 | B3: dr.Durotun Nafisa | C3: 19750423 200212 2 005
A4: 2 | B4: drg. Putri Emyta Sari | C4: 19810604 200902 2 004
A5: 3 | B5: Jema’I, Amd.. Keb. | C5: 19671215 198811 2 002
A6: 4 | B6: Setya Budi, Amd., Kep | C6: 19700508 199203 1 003
A7: 5 | B7: Luluk Listyaningsih,AMG | C7: 19691030 199203 2 008
A8: 6 | B8: Yuanendah, SST. | C8: 19710125 199203 2 010
A9: 7 | B9: Daril Rahmatullah, S. Farm. | C9: 19810704 200901 1 004
A10: 8 | B10: Fitri Ariani Isnaningtyas, Amd.AK | C10: 19780908 199903 2 001
A11: 9 | B11: Umi Kulsum | C11: 19660909 198801 2 002
A12: 10 | B12: Rinda Ari Puspita, Amd. KG | C12: 19871127 201001 2 008
A13: 11 | B13: dr. Rizky Rachmat Kurniawan | C13: 19960310 202203 1 005
A14: 12 | B14: Supatemi, Amd.Keb | C14: 19720306 200604 2 014
... A48: 46 | B48: Virda Nilayanti | C48: 19990629 202421 2 023

Sheet absen siang (2)
A1: DAFTAR HADIR LOKAKARYA MINI
A2: UPTD PUSKESMAS KUNJANG
A3: 10 DESEMBER TAHUN 2024
A6: NO | B6: NAMA | C6: TANDA TANGAN | D6: KET
A7: 1 | B7: dr.Durotun Nafisa
A8: 2 | B8: drg. Putri Emyta Sari
A9: 3 | B9: Jema’I, Amd.. Keb.
A10: 4 | B10: Setya Budi, Amd., Kep
A11: 5 | B11: Luluk Listyaningsih,AMG
A12: 6 | B12: Yuanendah, SST.
A13: 7 | B13: Daril Rahmatullah, S. Farm.
A14: 8 | B14: Fitri Ariani Isnaningtyas, Amd.AK
A15: 9 | B15: Rinda Ari Puspita, Amd. KG
A16: 10 | B16: dr. Rizky Rachmat Kurniawan
A17: 11 | B17: Supatemi, Amd.Keb
A18: 12 | B18: Anik Sri Purwati, Amd. Keb.
... A49: 43 | B49: Shalikul Hadi, SKM
C51: MENGETAHUI
C52: KEPALA UPTD PUSKESMAS KUNJANG
C55: dr. Durotun Nafisa
C56: NIP. 19750423 200212 2 005

Sheet alasan
A1: DAFTAR KETIDAK HADIRAN PEGAWAI UPTD PUSKESMAS KUNJANG
A2: BULAN JANUARI 2025
A4: NO | B4: NAMA | C4: 1 | F4: 2 | I4: 3 | L4: 4 | O4: 5 | R4: 6 | U4: 7 | X4: 8 | AA4: 9 | AD4: 10 | AG4: 11 | AJ4: 12 | AM4: 13 | AP4: 14 | AS4: 15 | AV4: 16 | AY4: 17 | BB4: 18 | BE4: 19 | BH4: 20 | BK4: 21 | BN4: 22 | BQ4: 23 | BT4: 24 | BW4: 25 | BZ4: 26 | CC4: 27 | CF4: 28 | CI4: 29 | CL4: 30 | CO4: 31 | CR4: TOTAL
C5: C | D5: S | E5: TP | F5: C | G5: S | H5: TP | I5: C | J5: S | K5: TP | L5: C | M5: S | N5: TP | O5: C | P5: S | Q5: TP | R5: C | S5: S | T5: TP | U5: C | V5: S | W5: TP | X5: C | Y5: S | Z5: TP | AA5: C | AB5: S | AC5: TP | AD5: C | AE5: S | AF5: TP | AG5: C | AH5: S | AI5: TP | AJ5: C | AK5: S | AL5: TP | AM5: C | AN5: S | AO5: TP | AP5: C | AQ5: S | AR5: TP | AS5: C | AT5: S | AU5: TP | AV5: C | AW5: S | AX5: TP | AY5: C | AZ5: S | BA5: TP | BB5: C | BC5: S | BD5: TP | BE5: C | BF5: S | BG5: TP | BH5: C | BI5: S | BJ5: TP | BK5: C | BL5: S | BM5: TP | BN5: C | BO5: S | BP5: TP | BQ5: C | BR5: S | BS5: TP | BT5: C | BU5: S | BV5: TP | BW5: C | BX5: S | BY5: TP | BZ5: C | CA5: S | CB5: TP | CC5: C | CD5: S | CE5: TP | CF5: C | CG5: S | CH5: TP | CI5: C | CJ5: S | CK5: TP | CL5: C | CM5: S | CN5: TP | CO5: C | CP5: S | CQ5: TP | CR5: C | CS5: S | CT5: TP
A6: 1 | B6: dr.Durotun Nafisa | AO6: 1 | CR6: =C6+F6+I6+L6+O6+R6+U6+X6+AA6+AD6+AG6+AJ6+AM6+AP6+AS6+AV6+AY6+BB6+BE6+BH6+BK6+BN6+BQ6+BT6+BW6+BZ6+CC6+CF6+CI6+CL6+CO6 -> 0 | CS6: =D6+G6+J6+M6+P6+S6+V6+Y6+AB6+AE6+AH6+AK6+AN6+AQ6+AT6+AW6+AZ6+BC6+BF6+BI6+BL6+BO6+BR6+BU6+BX6+CA6+CD6+CG6+CJ6+CM6+CP6 -> 0 | CT6: =E6+H6+K6+N6+Q6+T6+W6+Z6+AC6+AF6+AI6+AL6+AO6+AR6+AU6+AX6+BA6+BD6+BG6+BJ6+BM6+BP6+BS6+BV6+BY6+CB6+CE6+CH6+CK6+CN6+CQ6 -> 1
A7: 2 | B7: drg. Putri Emyta Sari | CR7: =C7+F7+I7+L7+O7+R7+U7+X7+AA7+AD7+AG7+AJ7+AM7+AP7+AS7+AV7+AY7+BB7+BE7+BH7+BK7+BN7+BQ7+BT7+BW7+BZ7+CC7+CF7+CI7+CL7+CO7 -> 0 | CS7: =D7+G7+J7+M7+P7+S7+V7+Y7+AB7+AE7+AH7+AK7+AN7+AQ7+AT7+AW7+AZ7+BC7+BF7+BI7+BL7+BO7+BR7+BU7+BX7+CA7+CD7+CG7+CJ7+CM7+CP7 -> 0 | CT7: =E7+H7+K7+N7+Q7+T7+W7+Z7+AC7+AF7+AI7+AL7+AO7+AR7+AU7+AX7+BA7+BD7+BG7+BJ7+BM7+BP7+BS7+BV7+BY7+CB7+CE7+CH7+CK7+CN7+CQ7 -> 0
A8: 3 | B8: Jema’I, Amd.. Keb. | K8: 1 | AA8: 1 | AD8: 1 | CR8: =C8+F8+I8+L8+O8+R8+U8+X8+AA8+AD8+AG8+AJ8+AM8+AP8+AS8+AV8+AY8+BB8+BE8+BH8+BK8+BN8+BQ8+BT8+BW8+BZ8+CC8+CF8+CI8+CL8+CO8 -> 2 | CS8: =D8+G8+J8+M8+P8+S8+V8+Y8+AB8+AE8+AH8+AK8+AN8+AQ8+AT8+AW8+AZ8+BC8+BF8+BI8+BL8+BO8+BR8+BU8+BX8+CA8+CD8+CG8+CJ8+CM8+CP8 -> 0 | CT8: =E8+H8+K8+N8+Q8+T8+W8+Z8+AC8+AF8+AI8+AL8+AO8+AR8+AU8+AX8+BA8+BD8+BG8+BJ8+BM8+BP8+BS8+BV8+BY8+CB8+CE8+CH8+CK8+CN8+CQ8 -> 1
A9: 4 | B9: Setya Budi, Amd., Kep | AQ9: 1 | AT9: 1 | AW9: 1 | AZ9: 1 | BI9: 1 | BL9: 1 | BO9: 1 | CR9: =C9+F9+I9+L9+O9+R9+U9+X9+AA9+AD9+AG9+AJ9+AM9+AP9+AS9+AV9+AY9+BB9+BE9+BH9+BK9+BN9+BQ9+BT9+BW9+BZ9+CC9+CF9+CI9+CL9+CO9 -> 0 | CS9: =D9+G9+J9+M9+P9+S9+V9+Y9+AB9+AE9+AH9+AK9+AN9+AQ9+AT9+AW9+AZ9+BC9+BF9+BI9+BL9+BO9+BR9+BU9+BX9+CA9+CD9+CG9+CJ9+CM9+CP9 -> 7 | CT9: =E9+H9+K9+N9+Q9+T9+W9+Z9+AC9+AF9+AI9+AL9+AO9+AR9+AU9+AX9+BA9+BD9+BG9+BJ9+BM9+BP9+BS9+BV9+BY9+CB9+CE9+CH9+CK9+CN9+CQ9 -> 0
A10: 5 | B10: Luluk Listyaningsih,AMG | CR10: =C10+F10+I10+L10+O10+R10+U10+X10+AA10+AD10+AG10+AJ10+AM10+AP10+AS10+AV10+AY10+BB10+BE10+BH10+BK10+BN10+BQ10+BT10+BW10+BZ10+CC10+CF10+CI10+CL10+CO10 -> 0 | CS10: =D10+G10+J10+M10+P10+S10+V10+Y10+AB10+AE10+AH10+AK10+AN10+AQ10+AT10+AW10+AZ10+BC10+BF10+BI10+BL10+BO10+BR10+BU10+BX10+CA10+CD10+CG10+CJ10+CM10+CP10 -> 0 | CT10: =E10+H10+K10+N10+Q10+T10+W10+Z10+AC10+AF10+AI10+AL10+AO10+AR10+AU10+AX10+BA10+BD10+BG10+BJ10+BM10+BP10+BS10+BV10+BY10+CB10+CE10+CH10+CK10+CN10+CQ10 -> 0
A11: 6 | B11: Yuanendah, SST. | CR11: =C11+F11+I11+L11+O11+R11+U11+X11+AA11+AD11+AG11+AJ11+AM11+AP11+AS11+AV11+AY11+BB11+BE11+BH11+BK11+BN11+BQ11+BT11+BW11+BZ11+CC11+CF11+CI11+CL11+CO11 -> 0 | CS11: =D11+G11+J11+M11+P11+S11+V11+Y11+AB11+AE11+AH11+AK11+AN11+AQ11+AT11+AW11+AZ11+BC11+BF11+BI11+BL11+BO11+BR11+BU11+BX11+CA11+CD11+CG11+CJ11+CM11+CP11 -> 0 | CT11: =E11+H11+K11+N11+Q11+T11+W11+Z11+AC11+AF11+AI11+AL11+AO11+AR11+AU11+AX11+BA11+BD11+BG11+BJ11+BM11+BP11+BS11+BV11+BY11+CB11+CE11+CH11+CK11+CN11+CQ11 -> 0
A12: 7 | B12: Daril Rahmatullah, S. Farm. | CR12: =C12+F12+I12+L12+O12+R12+U12+X12+AA12+AD12+AG12+AJ12+AM12+AP12+AS12+AV12+AY12+BB12+BE12+BH12+BK12+BN12+BQ12+BT12+BW12+BZ12+CC12+CF12+CI12+CL12+CO12 -> 0 | CS12: =D12+G12+J12+M12+P12+S12+V12+Y12+AB12+AE12+AH12+AK12+AN12+AQ12+AT12+AW12+AZ12+BC12+BF12+BI12+BL12+BO12+BR12+BU12+BX12+CA12+CD12+CG12+CJ12+CM12+CP12 -> 0 | CT12: =E12+H12+K12+N12+Q12+T12+W12+Z12+AC12+AF12+AI12+AL12+AO12+AR12+AU12+AX12+BA12+BD12+BG12+BJ12+BM12+BP12+BS12+BV12+BY12+CB12+CE12+CH12+CK12+CN12+CQ12 -> 0
A13: 8 | B13: Fitri Ariani Isnaningtyas, Amd.AK | BH13: 1 | BK13: 1 | CR13: =C13+F13+I13+L13+O13+R13+U13+X13+AA13+AD13+AG13+AJ13+AM13+AP13+AS13+AV13+AY13+BB13+BE13+BH13+BK13+BN13+BQ13+BT13+BW13+BZ13+CC13+CF13+CI13+CL13+CO13 -> 2 | CS13: =D13+G13+J13+M13+P13+S13+V13+Y13+AB13+AE13+AH13+AK13+AN13+AQ13+AT13+AW13+AZ13+BC13+BF13+BI13+BL13+BO13+BR13+BU13+BX13+CA13+CD13+CG13+CJ13+CM13+CP13 -> 0 | CT13: =E13+H13+K13+N13+Q13+T13+W13+Z13+AC13+AF13+AI13+AL13+AO13+AR13+AU13+AX13+BA13+BD13+BG13+BJ13+BM13+BP13+BS13+BV13+BY13+CB13+CE13+CH13+CK13+CN13+CQ13 -> 0
A14: 9 | B14: Rinda Ari Puspita, Amd. KG | CR14: =C14+F14+I14+L14+O14+R14+U14+X14+AA14+AD14+AG14+AJ14+AM14+AP14+AS14+AV14+AY14+BB14+BE14+BH14+BK14+BN14+BQ14+BT14+BW14+BZ14+CC14+CF14+CI14+CL14+CO14 -> 0 | CS14: =D14+G14+J14+M14+P14+S14+V14+Y14+AB14+AE14+AH14+AK14+AN14+AQ14+AT14+AW14+AZ14+BC14+BF14+BI14+BL14+BO14+BR14+BU14+BX14+CA14+CD14+CG14+CJ14+CM14+CP14 -> 0 | CT14: =E14+H14+K14+N14+Q14+T14+W14+Z14+AC14+AF14+AI14+AL14+AO14+AR14+AU14+AX14+BA14+BD14+BG14+BJ14+BM14+BP14+BS14+BV14+BY14+CB14+CE14+CH14+CK14+CN14+CQ14 -> 0
A15: 10 | B15: dr. Rizky Rachmat Kurniawan | S15: 1 | BK15: 1 | CR15: =C15+F15+I15+L15+O15+R15+U15+X15+AA15+AD15+AG15+AJ15+AM15+AP15+AS15+AV15+AY15+BB15+BE15+BH15+BK15+BN15+BQ15+BT15+BW15+BZ15+CC15+CF15+CI15+CL15+CO15 -> 1 | CS15: =D15+G15+J15+M15+P15+S15+V15+Y15+AB15+AE15+AH15+AK15+AN15+AQ15+AT15+AW15+AZ15+BC15+BF15+BI15+BL15+BO15+BR15+BU15+BX15+CA15+CD15+CG15+CJ15+CM15+CP15 -> 1 | CT15: =E15+H15+K15+N15+Q15+T15+W15+Z15+AC15+AF15+AI15+AL15+AO15+AR15+AU15+AX15+BA15+BD15+BG15+BJ15+BM15+BP15+BS15+BV15+BY15+CB15+CE15+CH15+CK15+CN15+CQ15 -> 0
A16: 11 | B16: Supatemi, Amd.Keb | G16: 1 | J16: 1 | CR16: =C16+F16+I16+L16+O16+R16+U16+X16+AA16+AD16+AG16+AJ16+AM16+AP16+AS16+AV16+AY16+BB16+BE16+BH16+BK16+BN16+BQ16+BT16+BW16+BZ16+CC16+CF16+CI16+CL16+CO16 -> 0 | CS16: =D16+G16+J16+M16+P16+S16+V16+Y16+AB16+AE16+AH16+AK16+AN16+AQ16+AT16+AW16+AZ16+BC16+BF16+BI16+BL16+BO16+BR16+BU16+BX16+CA16+CD16+CG16+CJ16+CM16+CP16 -> 2 | CT16: =E16+H16+K16+N16+Q16+T16+W16+Z16+AC16+AF16+AI16+AL16+AO16+AR16+AU16+AX16+BA16+BD16+BG16+BJ16+BM16+BP16+BS16+BV16+BY16+CB16+CE16+CH16+CK16+CN16+CQ16 -> 0
A17: 12 | B17: Anik Sri Purwati, Amd. Keb. | AU17: 1 | CR17: =C17+F17+I17+L17+O17+R17+U17+X17+AA17+AD17+AG17+AJ17+AM17+AP17+AS17+AV17+AY17+BB17+BE17+BH17+BK17+BN17+BQ17+BT17+BW17+BZ17+CC17+CF17+CI17+CL17+CO17 -> 0 | CS17: =D17+G17+J17+M17+P17+S17+V17+Y17+AB17+AE17+AH17+AK17+AN17+AQ17+AT17+AW17+AZ17+BC17+BF17+BI17+BL17+BO17+BR17+BU17+BX17+CA17+CD17+CG17+CJ17+CM17+CP17 -> 0 | CT17: =E17+H17+K17+N17+Q17+T17+W17+Z17+AC17+AF17+AI17+AL17+AO17+AR17+AU17+AX17+BA17+BD17+BG17+BJ17+BM17+BP17+BS17+BV17+BY17+CB17+CE17+CH17+CK17+CN17+CQ17 -> 1
A18: 13 | B18: Enny Nurhayati, Amd.. Keb. | CR18: =C18+F18+I18+L18+O18+R18+U18+X18+AA18+AD18+AG18+AJ18+AM18+AP18+AS18+AV18+AY18+BB18+BE18+BH18+BK18+BN18+BQ18+BT18+BW18+BZ18+CC18+CF18+CI18+CL18+CO18 -> 0 | CS18: =D18+G18+J18+M18+P18+S18+V18+Y18+AB18+AE18+AH18+AK18+AN18+AQ18+AT18+AW18+AZ18+BC18+BF18+BI18+BL18+BO18+BR18+BU18+BX18+CA18+CD18+CG18+CJ18+CM18+CP18 -> 0 | CT18: =E18+H18+K18+N18+Q18+T18+W18+Z18+AC18+AF18+AI18+AL18+AO18+AR18+AU18+AX18+BA18+BD18+BG18+BJ18+BM18+BP18+BS18+BV18+BY18+CB18+CE18+CH18+CK18+CN18+CQ18 -> 0
A19: 14 | B19: Sulisni, Amd. Keb. | CR19: =C19+F19+I19+L19+O19+R19+U19+X19+AA19+AD19+AG19+AJ19+AM19+AP19+AS19+AV19+AY19+BB19+BE19+BH19+BK19+BN19+BQ19+BT19+BW19+BZ19+CC19+CF19+CI19+CL19+CO19 -> 0 | CS19: =D19+G19+J19+M19+P19+S19+V19+Y19+AB19+AE19+AH19+AK19+AN19+AQ19+AT19+AW19+AZ19+BC19+BF19+BI19+BL19+BO19+BR19+BU19+BX19+CA19+CD19+CG19+CJ19+CM19+CP19 -> 0 | CT19: =E19+H19+K19+N19+Q19+T19+W19+Z19+AC19+AF19+AI19+AL19+AO19+AR19+AU19+AX19+BA19+BD19+BG19+BJ19+BM19+BP19+BS19+BV19+BY19+CB19+CE19+CH19+CK19+CN19+CQ19 -> 0
A20: 15 | B20: Estu Rahayuningsih, Amd. Keb. | F20: 1 | K20: 1 | CR20: =C20+F20+I20+L20+O20+R20+U20+X20+AA20+AD20+AG20+AJ20+AM20+AP20+AS20+AV20+AY20+BB20+BE20+BH20+BK20+BN20+BQ20+BT20+BW20+BZ20+CC20+CF20+CI20+CL20+CO20 -> 1 | CS20: =D20+G20+J20+M20+P20+S20+V20+Y20+AB20+AE20+AH20+AK20+AN20+AQ20+AT20+AW20+AZ20+BC20+BF20+BI20+BL20+BO20+BR20+BU20+BX20+CA20+CD20+CG20+CJ20+CM20+CP20 -> 0 | CT20: =E20+H20+K20+N20+Q20+T20+W20+Z20+AC20+AF20+AI20+AL20+AO20+AR20+AU20+AX20+BA20+BD20+BG20+BJ20+BM20+BP20+BS20+BV20+BY20+CB20+CE20+CH20+CK20+CN20+CQ20 -> 1
A21: 16 | B21: Prihatiningtyas, Amd. Keb. | AZ21: 1 | CR21: =C21+F21+I21+L21+O21+R21+U21+X21+AA21+AD21+AG21+AJ21+AM21+AP21+AS21+AV21+AY21+BB21+BE21+BH21+BK21+BN21+BQ21+BT21+BW21+BZ21+CC21+CF21+CI21+CL21+CO21 -> 0 | CS21: =D21+G21+J21+M21+P21+S21+V21+Y21+AB21+AE21+AH21+AK21+AN21+AQ21+AT21+AW21+AZ21+BC21+BF21+BI21+BL21+BO21+BR21+BU21+BX21+CA21+CD21+CG21+CJ21+CM21+CP21 -> 1 | CT21: =E21+H21+K21+N21+Q21+T21+W21+Z21+AC21+AF21+AI21+AL21+AO21+AR21+AU21+AX21+BA21+BD21+BG21+BJ21+BM21+BP21+BS21+BV21+BY21+CB21+CE21+CH21+CK21+CN21+CQ21 -> 0
A22: 17 | B22: Mey Idayati, Amd.Kep | F22: 1 | I22: 1 | R22: 1 | U22: 1 | X22: 1 | AA22: 1 | CR22: =C22+F22+I22+L22+O22+R22+U22+X22+AA22+AD22+AG22+AJ22+AM22+AP22+AS22+AV22+AY22+BB22+BE22+BH22+BK22+BN22+BQ22+BT22+BW22+BZ22+CC22+CF22+CI22+CL22+CO22 -> 6 | CS22: =D22+G22+J22+M22+P22+S22+V22+Y22+AB22+AE22+AH22+AK22+AN22+AQ22+AT22+AW22+AZ22+BC22+BF22+BI22+BL22+BO22+BR22+BU22+BX22+CA22+CD22+CG22+CJ22+CM22+CP22 -> 0 | CT22: =E22+H22+K22+N22+Q22+T22+W22+Z22+AC22+AF22+AI22+AL22+AO22+AR22+AU22+AX22+BA22+BD22+BG22+BJ22+BM22+BP22+BS22+BV22+BY22+CB22+CE22+CH22+CK22+CN22+CQ22 -> 0
A23: 18 | B23: Sito Luncono Setio Utomo | CR23: =C23+F23+I23+L23+O23+R23+U23+X23+AA23+AD23+AG23+AJ23+AM23+AP23+AS23+AV23+AY23+BB23+BE23+BH23+BK23+BN23+BQ23+BT23+BW23+BZ23+CC23+CF23+CI23+CL23+CO23 -> 0 | CS23: =D23+G23+J23+M23+P23+S23+V23+Y23+AB23+AE23+AH23+AK23+AN23+AQ23+AT23+AW23+AZ23+BC23+BF23+BI23+BL23+BO23+BR23+BU23+BX23+CA23+CD23+CG23+CJ23+CM23+CP23 -> 0 | CT23: =E23+H23+K23+N23+Q23+T23+W23+Z23+AC23+AF23+AI23+AL23+AO23+AR23+AU23+AX23+BA23+BD23+BG23+BJ23+BM23+BP23+BS23+BV23+BY23+CB23+CE23+CH23+CK23+CN23+CQ23 -> 0
A24: 19 | B24: Siti Aminah, Amd Kep. | Z24: 1 | CR24: =C24+F24+I24+L24+O24+R24+U24+X24+AA24+AD24+AG24+AJ24+AM24+AP24+AS24+AV24+AY24+BB24+BE24+BH24+BK24+BN24+BQ24+BT24+BW24+BZ24+CC24+CF24+CI24+CL24+CO24 -> 0 | CS24: =D24+G24+J24+M24+P24+S24+V24+Y24+AB24+AE24+AH24+AK24+AN24+AQ24+AT24+AW24+AZ24+BC24+BF24+BI24+BL24+BO24+BR24+BU24+BX24+CA24+CD24+CG24+CJ24+CM24+CP24 -> 0 | CT24: =E24+H24+K24+N24+Q24+T24+W24+Z24+AC24+AF24+AI24+AL24+AO24+AR24+AU24+AX24+BA24+BD24+BG24+BJ24+BM24+BP24+BS24+BV24+BY24+CB24+CE24+CH24+CK24+CN24+CQ24 -> 1
A25: 20 | B25: Nuryana Vidya C, Amd.Kep | AU25: 1 | CR25: =C25+F25+I25+L25+O25+R25+U25+X25+AA25+AD25+AG25+AJ25+AM25+AP25+AS25+AV25+AY25+BB25+BE25+BH25+BK25+BN25+BQ25+BT25+BW25+BZ25+CC25+CF25+CI25+CL25+CO25 -> 0 | CS25: =D25+G25+J25+M25+P25+S25+V25+Y25+AB25+AE25+AH25+AK25+AN25+AQ25+AT25+AW25+AZ25+BC25+BF25+BI25+BL25+BO25+BR25+BU25+BX25+CA25+CD25+CG25+CJ25+CM25+CP25 -> 0 | CT25: =E25+H25+K25+N25+Q25+T25+W25+Z25+AC25+AF25+AI25+AL25+AO25+AR25+AU25+AX25+BA25+BD25+BG25+BJ25+BM25+BP25+BS25+BV25+BY25+CB25+CE25+CH25+CK25+CN25+CQ25 -> 1
A26: 21 | B26: Novia Anjarwati, Amd. Kes | CR26: =C26+F26+I26+L26+O26+R26+U26+X26+AA26+AD26+AG26+AJ26+AM26+AP26+AS26+AV26+AY26+BB26+BE26+BH26+BK26+BN26+BQ26+BT26+BW26+BZ26+CC26+CF26+CI26+CL26+CO26 -> 0 | CS26: =D26+G26+J26+M26+P26+S26+V26+Y26+AB26+AE26+AH26+AK26+AN26+AQ26+AT26+AW26+AZ26+BC26+BF26+BI26+BL26+BO26+BR26+BU26+BX26+CA26+CD26+CG26+CJ26+CM26+CP26 -> 0 | CT26: =E26+H26+K26+N26+Q26+T26+W26+Z26+AC26+AF26+AI26+AL26+AO26+AR26+AU26+AX26+BA26+BD26+BG26+BJ26+BM26+BP26+BS26+BV26+BY26+CB26+CE26+CH26+CK26+CN26+CQ26 -> 0
A27: 22 | B27: Dinung Wahyu Purwanti | CR27: =C27+F27+I27+L27+O27+R27+U27+X27+AA27+AD27+AG27+AJ27+AM27+AP27+AS27+AV27+AY27+BB27+BE27+BH27+BK27+BN27+BQ27+BT27+BW27+BZ27+CC27+CF27+CI27+CL27+CO27 -> 0 | CS27: =D27+G27+J27+M27+P27+S27+V27+Y27+AB27+AE27+AH27+AK27+AN27+AQ27+AT27+AW27+AZ27+BC27+BF27+BI27+BL27+BO27+BR27+BU27+BX27+CA27+CD27+CG27+CJ27+CM27+CP27 -> 0 | CT27: =E27+H27+K27+N27+Q27+T27+W27+Z27+AC27+AF27+AI27+AL27+AO27+AR27+AU27+AX27+BA27+BD27+BG27+BJ27+BM27+BP27+BS27+BV27+BY27+CB27+CE27+CH27+CK27+CN27+CQ27 -> 0
A28: 23 | B28: Susi Winda Wandari, Amd Keb | CR28: =C28+F28+I28+L28+O28+R28+U28+X28+AA28+AD28+AG28+AJ28+AM28+AP28+AS28+AV28+AY28+BB28+BE28+BH28+BK28+BN28+BQ28+BT28+BW28+BZ28+CC28+CF28+CI28+CL28+CO28 -> 0 | CS28: =D28+G28+J28+M28+P28+S28+V28+Y28+AB28+AE28+AH28+AK28+AN28+AQ28+AT28+AW28+AZ28+BC28+BF28+BI28+BL28+BO28+BR28+BU28+BX28+CA28+CD28+CG28+CJ28+CM28+CP28 -> 0 | CT28: =E28+H28+K28+N28+Q28+T28+W28+Z28+AC28+AF28+AI28+AL28+AO28+AR28+AU28+AX28+BA28+BD28+BG28+BJ28+BM28+BP28+BS28+BV28+BY28+CB28+CE28+CH28+CK28+CN28+CQ28 -> 0
A29: 24 | B29: dr, Galih Catur Aji Setiawan | CR29: =C29+F29+I29+L29+O29+R29+U29+X29+AA29+AD29+AG29+AJ29+AM29+AP29+AS29+AV29+AY29+BB29+BE29+BH29+BK29+BN29+BQ29+BT29+BW29+BZ29+CC29+CF29+CI29+CL29+CO29 -> 0 | CS29: =D29+G29+J29+M29+P29+S29+V29+Y29+AB29+AE29+AH29+AK29+AN29+AQ29+AT29+AW29+AZ29+BC29+BF29+BI29+BL29+BO29+BR29+BU29+BX29+CA29+CD29+CG29+CJ29+CM29+CP29 -> 0 | CT29: =E29+H29+K29+N29+Q29+T29+W29+Z29+AC29+AF29+AI29+AL29+AO29+AR29+AU29+AX29+BA29+BD29+BG29+BJ29+BM29+BP29+BS29+BV29+BY29+CB29+CE29+CH29+CK29+CN29+CQ29 -> 0
A30: 25 | B30: Musta'inul Habibi | Y30: 1 | CR30: =C30+F30+I30+L30+O30+R30+U30+X30+AA30+AD30+AG30+AJ30+AM30+AP30+AS30+AV30+AY30+BB30+BE30+BH30+BK30+BN30+BQ30+BT30+BW30+BZ30+CC30+CF30+CI30+CL30+CO30 -> 0 | CS30: =D30+G30+J30+M30+P30+S30+V30+Y30+AB30+AE30+AH30+AK30+AN30+AQ30+AT30+AW30+AZ30+BC30+BF30+BI30+BL30+BO30+BR30+BU30+BX30+CA30+CD30+CG30+CJ30+CM30+CP30 -> 1 | CT30: =E30+H30+K30+N30+Q30+T30+W30+Z30+AC30+AF30+AI30+AL30+AO30+AR30+AU30+AX30+BA30+BD30+BG30+BJ30+BM30+BP30+BS30+BV30+BY30+CB30+CE30+CH30+CK30+CN30+CQ30 -> 0
A31: 26 | B31: Anieta Yuni Purnawati, Amd.Keb | CR31: =C31+F31+I31+L31+O31+R31+U31+X31+AA31+AD31+AG31+AJ31+AM31+AP31+AS31+AV31+AY31+BB31+BE31+BH31+BK31+BN31+BQ31+BT31+BW31+BZ31+CC31+CF31+CI31+CL31+CO31 -> 0 | CS31: =D31+G31+J31+M31+P31+S31+V31+Y31+AB31+AE31+AH31+AK31+AN31+AQ31+AT31+AW31+AZ31+BC31+BF31+BI31+BL31+BO31+BR31+BU31+BX31+CA31+CD31+CG31+CJ31+CM31+CP31 -> 0 | CT31: =E31+H31+K31+N31+Q31+T31+W31+Z31+AC31+AF31+AI31+AL31+AO31+AR31+AU31+AX31+BA31+BD31+BG31+BJ31+BM31+BP31+BS31+BV31+BY31+CB31+CE31+CH31+CK31+CN31+CQ31 -> 0
A32: 27 | B32: Binti Khotimatul Munawaroh, A.Md.Keb | CR32: =C32+F32+I32+L32+O32+R32+U32+X32+AA32+AD32+AG32+AJ32+AM32+AP32+AS32+AV32+AY32+BB32+BE32+BH32+BK32+BN32+BQ32+BT32+BW32+BZ32+CC32+CF32+CI32+CL32+CO32 -> 0 | CS32: =D32+G32+J32+M32+P32+S32+V32+Y32+AB32+AE32+AH32+AK32+AN32+AQ32+AT32+AW32+AZ32+BC32+BF32+BI32+BL32+BO32+BR32+BU32+BX32+CA32+CD32+CG32+CJ32+CM32+CP32 -> 0 | CT32: =E32+H32+K32+N32+Q32+T32+W32+Z32+AC32+AF32+AI32+AL32+AO32+AR32+AU32+AX32+BA32+BD32+BG32+BJ32+BM32+BP32+BS32+BV32+BY32+CB32+CE32+CH32+CK32+CN32+CQ32 -> 0
A33: 28 | B33: Della Anandani Harefa, Amd.Kep | W33: 1 | Y33: 1 | AX33: 1 | CR33: =C33+F33+I33+L33+O33+R33+U33+X33+AA33+AD33+AG33+AJ33+AM33+AP33+AS33+AV33+AY33+BB33+BE33+BH33+BK33+BN33+BQ33+BT33+BW33+BZ33+CC33+CF33+CI33+CL33+CO33 -> 0 | CS33: =D33+G33+J33+M33+P33+S33+V33+Y33+AB33+AE33+AH33+AK33+AN33+AQ33+AT33+AW33+AZ33+BC33+BF33+BI33+BL33+BO33+BR33+BU33+BX33+CA33+CD33+CG33+CJ33+CM33+CP33 -> 1 | CT33: =E33+H33+K33+N33+Q33+T33+W33+Z33+AC33+AF33+AI33+AL33+AO33+AR33+AU33+AX33+BA33+BD33+BG33+BJ33+BM33+BP33+BS33+BV33+BY33+CB33+CE33+CH33+CK33+CN33+CQ33 -> 2
A34: 29 | B34: Virda Nilayanti | AW34: 1 | CR34: =C34+F34+I34+L34+O34+R34+U34+X34+AA34+AD34+AG34+AJ34+AM34+AP34+AS34+AV34+AY34+BB34+BE34+BH34+BK34+BN34+BQ34+BT34+BW34+BZ34+CC34+CF34+CI34+CL34+CO34 -> 0 | CS34: =D34+G34+J34+M34+P34+S34+V34+Y34+AB34+AE34+AH34+AK34+AN34+AQ34+AT34+AW34+AZ34+BC34+BF34+BI34+BL34+BO34+BR34+BU34+BX34+CA34+CD34+CG34+CJ34+CM34+CP34 -> 1 | CT34: =E34+H34+K34+N34+Q34+T34+W34+Z34+AC34+AF34+AI34+AL34+AO34+AR34+AU34+AX34+BA34+BD34+BG34+BJ34+BM34+BP34+BS34+BV34+BY34+CB34+CE34+CH34+CK34+CN34+CQ34 -> 0
A35: 30 | B35: Desi Natalia, SST | AW35: 1 | CR35: =C35+F35+I35+L35+O35+R35+U35+X35+AA35+AD35+AG35+AJ35+AM35+AP35+AS35+AV35+AY35+BB35+BE35+BH35+BK35+BN35+BQ35+BT35+BW35+BZ35+CC35+CF35+CI35+CL35+CO35 -> 0 | CS35: =D35+G35+J35+M35+P35+S35+V35+Y35+AB35+AE35+AH35+AK35+AN35+AQ35+AT35+AW35+AZ35+BC35+BF35+BI35+BL35+BO35+BR35+BU35+BX35+CA35+CD35+CG35+CJ35+CM35+CP35 -> 1 | CT35: =E35+H35+K35+N35+Q35+T35+W35+Z35+AC35+AF35+AI35+AL35+AO35+AR35+AU35+AX35+BA35+BD35+BG35+BJ35+BM35+BP35+BS35+BV35+BY35+CB35+CE35+CH35+CK35+CN35+CQ35 -> 0
A36: 31 | B36: Devi Ardianti, SE | CR36: =C36+F36+I36+L36+O36+R36+U36+X36+AA36+AD36+AG36+AJ36+AM36+AP36+AS36+AV36+AY36+BB36+BE36+BH36+BK36+BN36+BQ36+BT36+BW36+BZ36+CC36+CF36+CI36+CL36+CO36 -> 0 | CS36: =D36+G36+J36+M36+P36+S36+V36+Y36+AB36+AE36+AH36+AK36+AN36+AQ36+AT36+AW36+AZ36+BC36+BF36+BI36+BL36+BO36+BR36+BU36+BX36+CA36+CD36+CG36+CJ36+CM36+CP36 -> 0 | CT36: =E36+H36+K36+N36+Q36+T36+W36+Z36+AC36+AF36+AI36+AL36+AO36+AR36+AU36+AX36+BA36+BD36+BG36+BJ36+BM36+BP36+BS36+BV36+BY36+CB36+CE36+CH36+CK36+CN36+CQ36 -> 0
A37: 32 | B37: Vivi Juni Mega A, S.Tr.Keb | CR37: =C37+F37+I37+L37+O37+R37+U37+X37+AA37+AD37+AG37+AJ37+AM37+AP37+AS37+AV37+AY37+BB37+BE37+BH37+BK37+BN37+BQ37+BT37+BW37+BZ37+CC37+CF37+CI37+CL37+CO37 -> 0 | CS37: =D37+G37+J37+M37+P37+S37+V37+Y37+AB37+AE37+AH37+AK37+AN37+AQ37+AT37+AW37+AZ37+BC37+BF37+BI37+BL37+BO37+BR37+BU37+BX37+CA37+CD37+CG37+CJ37+CM37+CP37 -> 0 | CT37: =E37+H37+K37+N37+Q37+T37+W37+Z37+AC37+AF37+AI37+AL37+AO37+AR37+AU37+AX37+BA37+BD37+BG37+BJ37+BM37+BP37+BS37+BV37+BY37+CB37+CE37+CH37+CK37+CN37+CQ37 -> 0
A38: 33 | B38: Della Karisma Lutfiana, Amd. Gz | AR38: 1 | AU38: 1 | CR38: =C38+F38+I38+L38+O38+R38+U38+X38+AA38+AD38+AG38+AJ38+AM38+AP38+AS38+AV38+AY38+BB38+BE38+BH38+BK38+BN38+BQ38+BT38+BW38+BZ38+CC38+CF38+CI38+CL38+CO38 -> 0 | CS38: =D38+G38+J38+M38+P38+S38+V38+Y38+AB38+AE38+AH38+AK38+AN38+AQ38+AT38+AW38+AZ38+BC38+BF38+BI38+BL38+BO38+BR38+BU38+BX38+CA38+CD38+CG38+CJ38+CM38+CP38 -> 0 | CT38: =E38+H38+K38+N38+Q38+T38+W38+Z38+AC38+AF38+AI38+AL38+AO38+AR38+AU38+AX38+BA38+BD38+BG38+BJ38+BM38+BP38+BS38+BV38+BY38+CB38+CE38+CH38+CK38+CN38+CQ38 -> 2
A39: 34 | B39: Slamet Riadi | CR39: =C39+F39+I39+L39+O39+R39+U39+X39+AA39+AD39+AG39+AJ39+AM39+AP39+AS39+AV39+AY39+BB39+BE39+BH39+BK39+BN39+BQ39+BT39+BW39+BZ39+CC39+CF39+CI39+CL39+CO39 -> 0 | CS39: =D39+G39+J39+M39+P39+S39+V39+Y39+AB39+AE39+AH39+AK39+AN39+AQ39+AT39+AW39+AZ39+BC39+BF39+BI39+BL39+BO39+BR39+BU39+BX39+CA39+CD39+CG39+CJ39+CM39+CP39 -> 0 | CT39: =E39+H39+K39+N39+Q39+T39+W39+Z39+AC39+AF39+AI39+AL39+AO39+AR39+AU39+AX39+BA39+BD39+BG39+BJ39+BM39+BP39+BS39+BV39+BY39+CB39+CE39+CH39+CK39+CN39+CQ39 -> 0
A40: 35 | B40: Anita Sumariati | CR40: =C40+F40+I40+L40+O40+R40+U40+X40+AA40+AD40+AG40+AJ40+AM40+AP40+AS40+AV40+AY40+BB40+BE40+BH40+BK40+BN40+BQ40+BT40+BW40+BZ40+CC40+CF40+CI40+CL40+CO40 -> 0 | CS40: =D40+G40+J40+M40+P40+S40+V40+Y40+AB40+AE40+AH40+AK40+AN40+AQ40+AT40+AW40+AZ40+BC40+BF40+BI40+BL40+BO40+BR40+BU40+BX40+CA40+CD40+CG40+CJ40+CM40+CP40 -> 0 | CT40: =E40+H40+K40+N40+Q40+T40+W40+Z40+AC40+AF40+AI40+AL40+AO40+AR40+AU40+AX40+BA40+BD40+BG40+BJ40+BM40+BP40+BS40+BV40+BY40+CB40+CE40+CH40+CK40+CN40+CQ40 -> 0
A41: 36 | B41: Mimin Asmawati | CR41: =C41+F41+I41+L41+O41+R41+U41+X41+AA41+AD41+AG41+AJ41+AM41+AP41+AS41+AV41+AY41+BB41+BE41+BH41+BK41+BN41+BQ41+BT41+BW41+BZ41+CC41+CF41+CI41+CL41+CO41 -> 0 | CS41: =D41+G41+J41+M41+P41+S41+V41+Y41+AB41+AE41+AH41+AK41+AN41+AQ41+AT41+AW41+AZ41+BC41+BF41+BI41+BL41+BO41+BR41+BU41+BX41+CA41+CD41+CG41+CJ41+CM41+CP41 -> 0 | CT41: =E41+H41+K41+N41+Q41+T41+W41+Z41+AC41+AF41+AI41+AL41+AO41+AR41+AU41+AX41+BA41+BD41+BG41+BJ41+BM41+BP41+BS41+BV41+BY41+CB41+CE41+CH41+CK41+CN41+CQ41 -> 0
A42: 37 | B42: Shindy Erlina Putri Pramujib | CR42: =C42+F42+I42+L42+O42+R42+U42+X42+AA42+AD42+AG42+AJ42+AM42+AP42+AS42+AV42+AY42+BB42+BE42+BH42+BK42+BN42+BQ42+BT42+BW42+BZ42+CC42+CF42+CI42+CL42+CO42 -> 0 | CS42: =D42+G42+J42+M42+P42+S42+V42+Y42+AB42+AE42+AH42+AK42+AN42+AQ42+AT42+AW42+AZ42+BC42+BF42+BI42+BL42+BO42+BR42+BU42+BX42+CA42+CD42+CG42+CJ42+CM42+CP42 -> 0 | CT42: =E42+H42+K42+N42+Q42+T42+W42+Z42+AC42+AF42+AI42+AL42+AO42+AR42+AU42+AX42+BA42+BD42+BG42+BJ42+BM42+BP42+BS42+BV42+BY42+CB42+CE42+CH42+CK42+CN42+CQ42 -> 0
A43: 38 | B43: Fitria Indriyani | CR43: =C43+F43+I43+L43+O43+R43+U43+X43+AA43+AD43+AG43+AJ43+AM43+AP43+AS43+AV43+AY43+BB43+BE43+BH43+BK43+BN43+BQ43+BT43+BW43+BZ43+CC43+CF43+CI43+CL43+CO43 -> 0 | CS43: =D43+G43+J43+M43+P43+S43+V43+Y43+AB43+AE43+AH43+AK43+AN43+AQ43+AT43+AW43+AZ43+BC43+BF43+BI43+BL43+BO43+BR43+BU43+BX43+CA43+CD43+CG43+CJ43+CM43+CP43 -> 0 | CT43: =E43+H43+K43+N43+Q43+T43+W43+Z43+AC43+AF43+AI43+AL43+AO43+AR43+AU43+AX43+BA43+BD43+BG43+BJ43+BM43+BP43+BS43+BV43+BY43+CB43+CE43+CH43+CK43+CN43+CQ43 -> 0
A44: 39 | B44: Cendy Santia KS, Amd AK | V44: 1 | AP44: 1 | CR44: =C44+F44+I44+L44+O44+R44+U44+X44+AA44+AD44+AG44+AJ44+AM44+AP44+AS44+AV44+AY44+BB44+BE44+BH44+BK44+BN44+BQ44+BT44+BW44+BZ44+CC44+CF44+CI44+CL44+CO44 -> 1 | CS44: =D44+G44+J44+M44+P44+S44+V44+Y44+AB44+AE44+AH44+AK44+AN44+AQ44+AT44+AW44+AZ44+BC44+BF44+BI44+BL44+BO44+BR44+BU44+BX44+CA44+CD44+CG44+CJ44+CM44+CP44 -> 1 | CT44: =E44+H44+K44+N44+Q44+T44+W44+Z44+AC44+AF44+AI44+AL44+AO44+AR44+AU44+AX44+BA44+BD44+BG44+BJ44+BM44+BP44+BS44+BV44+BY44+CB44+CE44+CH44+CK44+CN44+CQ44 -> 0
A45: 40 | B45: Mistiani Saputri, Amd Kom | F45: 1 | I45: 1 | R45: 1 | U45: 1 | X45: 1 | AA45: 1 | AD45: 1 | AM45: 1 | AS45: 1 | AV45: 1 | AY45: 1 | BH45: 1 | BK45: 1 | CR45: =C45+F45+I45+L45+O45+R45+U45+X45+AA45+AD45+AG45+AJ45+AM45+AP45+AS45+AV45+AY45+BB45+BE45+BH45+BK45+BN45+BQ45+BT45+BW45+BZ45+CC45+CF45+CI45+CL45+CO45 -> 13 | CS45: =D45+G45+J45+M45+P45+S45+V45+Y45+AB45+AE45+AH45+AK45+AN45+AQ45+AT45+AW45+AZ45+BC45+BF45+BI45+BL45+BO45+BR45+BU45+BX45+CA45+CD45+CG45+CJ45+CM45+CP45 -> 0 | CT45: =E45+H45+K45+N45+Q45+T45+W45+Z45+AC45+AF45+AI45+AL45+AO45+AR45+AU45+AX45+BA45+BD45+BG45+BJ45+BM45+BP45+BS45+BV45+BY45+CB45+CE45+CH45+CK45+CN45+CQ45 -> 0
A46: 41 | B46: Rani Rosita , Amd Keb | AU46: 1 | CR46: =C46+F46+I46+L46+O46+R46+U46+X46+AA46+AD46+AG46+AJ46+AM46+AP46+AS46+AV46+AY46+BB46+BE46+BH46+BK46+BN46+BQ46+BT46+BW46+BZ46+CC46+CF46+CI46+CL46+CO46 -> 0 | CS46: =D46+G46+J46+M46+P46+S46+V46+Y46+AB46+AE46+AH46+AK46+AN46+AQ46+AT46+AW46+AZ46+BC46+BF46+BI46+BL46+BO46+BR46+BU46+BX46+CA46+CD46+CG46+CJ46+CM46+CP46 -> 0 | CT46: =E46+H46+K46+N46+Q46+T46+W46+Z46+AC46+AF46+AI46+AL46+AO46+AR46+AU46+AX46+BA46+BD46+BG46+BJ46+BM46+BP46+BS46+BV46+BY46+CB46+CE46+CH46+CK46+CN46+CQ46 -> 1
A47: 42 | B47: Rise Nisa' Meiula Naifah | S47: 1 | CR47: =C47+F47+I47+L47+O47+R47+U47+X47+AA47+AD47+AG47+AJ47+AM47+AP47+AS47+AV47+AY47+BB47+BE47+BH47+BK47+BN47+BQ47+BT47+BW47+BZ47+CC47+CF47+CI47+CL47+CO47 -> 0 | CS47: =D47+G47+J47+M47+P47+S47+V47+Y47+AB47+AE47+AH47+AK47+AN47+AQ47+AT47+AW47+AZ47+BC47+BF47+BI47+BL47+BO47+BR47+BU47+BX47+CA47+CD47+CG47+CJ47+CM47+CP47 -> 1 | CT47: =E47+H47+K47+N47+Q47+T47+W47+Z47+AC47+AF47+AI47+AL47+AO47+AR47+AU47+AX47+BA47+BD47+BG47+BJ47+BM47+BP47+BS47+BV47+BY47+CB47+CE47+CH47+CK47+CN47+CQ47 -> 0
A48: 43 | B48: Shalikul Hadi, SKM | CR48: =C48+F48+I48+L48+O48+R48+U48+X48+AA48+AD48+AG48+AJ48+AM48+AP48+AS48+AV48+AY48+BB48+BE48+BH48+BK48+BN48+BQ48+BT48+BW48+BZ48+CC48+CF48+CI48+CL48+CO48 -> 0 | CS48: =D48+G48+J48+M48+P48+S48+V48+Y48+AB48+AE48+AH48+AK48+AN48+AQ48+AT48+AW48+AZ48+BC48+BF48+BI48+BL48+BO48+BR48+BU48+BX48+CA48+CD48+CG48+CJ48+CM48+CP48 -> 0 | CT48: =E48+H48+K48+N48+Q48+T48+W48+Z48+AC48+AF48+AI48+AL48+AO48+AR48+AU48+AX48+BA48+BD48+BG48+BJ48+BM48+BP48+BS48+BV48+BY48+CB48+CE48+CH48+CK48+CN48+CQ48 -> 0

Sheet sipres
A1: LAPORAN EVALUASI PELAKSANAAN ABSENSI SIPRES
A2: UPTD PUSKESMAS KUNJANG
A3: BULAN JANUARI 2025
A5: NO | B5: NAMA | C5: KEKURANGAN JAM KERJA | E5: ALASAN KETIDAK HADIRAN | H5: KEKURANGAN JAM KUMULATIF SD/BLN INI | J5: ALASAN KETIDAK HADIRAN KUMULATIF SD/BLN INI | M5: TINDAKAN YG SUDAH DILAKSANAKAN OLEH SKPD
C7: Dalam Menit | D7: Dalam Hari | E7: Cuti | F7: Sakit | G7: Ijin | H7: Dalam Menit | I7: Dalam Hari | J7: Cuti | K7: Sakit | L7: Ijin
A8: 1 | B8: 2 | C8: 3 | D8: 4 | E8: 5 | F8: 6 | G8: 7 | H8: 8 | I8: 9 | J8: 10 | K8: 11 | L8: 12 | M8: 14
A9: 1 | B9: dr.Durotun Nafisa | D9: =C9/450 -> 0 | E9: =alasan!CR6 -> 0 | F9: =alasan!CS6 -> 0 | G9: =alasan!CT6 -> 1 | H9: =C9+[1]OKT!H9 -> #ERROR! | I9: =H9/450 -> #ERROR!
A10: 2 | B10: drg. Putri Emyta Sari | D10: =C10/450 -> 0 | E10: =alasan!CR7 -> 0 | F10: =alasan!CS7 -> 0 | G10: =alasan!CT7 -> 0 | H10: =C10+[1]OKT!H10 -> #ERROR! | I10: =H10/450 -> #ERROR!
A11: 3 | B11: Jema’I, Amd.. Keb. | D11: =C11/450 -> 0 | E11: =alasan!CR8 -> 2 | F11: =alasan!CS8 -> 0 | G11: =alasan!CT8 -> 1 | H11: =C11+[1]OKT!H11 -> #ERROR! | I11: =H11/450 -> #ERROR!
A12: 4 | B12: Setya Budi, Amd., Kep | D12: =C12/450 -> 0 | E12: =alasan!CR9 -> 0 | F12: =alasan!CS9 -> 7 | G12: =alasan!CT9 -> 0 | H12: =C12+[1]OKT!H12 -> #ERROR! | I12: =H12/450 -> #ERROR!
A13: 5 | B13: Luluk Listyaningsih,AMG | D13: =C13/450 -> 0 | E13: =alasan!CR10 -> 0 | F13: =alasan!CS10 -> 0 | G13: =alasan!CT10 -> 0 | H13: =C13+[1]OKT!H13 -> #ERROR! | I13: =H13/450 -> #ERROR!
A14: 6 | B14: Yuanendah, SST. | D14: =C14/450 -> 0 | E14: =alasan!CR11 -> 0 | F14: =alasan!CS11 -> 0 | G14: =alasan!CT11 -> 0 | H14: =C14+[1]OKT!H14 -> #ERROR! | I14: =H14/450 -> #ERROR!
A15: 7 | B15: Daril Rahmatullah, S. Farm. | D15: =C15/450 -> 0 | E15: =alasan!CR12 -> 0 | F15: =alasan!CS12 -> 0 | G15: =alasan!CT12 -> 0 | H15: =C15+[1]OKT!H15 -> #ERROR! | I15: =H15/450 -> #ERROR!
A16: 8 | B16: Fitri Ariani Isnaningtyas, Amd.AK | D16: =C16/450 -> 0 | E16: =alasan!CR13 -> 2 | F16: =alasan!CS13 -> 0 | G16: =alasan!CT13 -> 0 | H16: =C16+[1]OKT!H16 -> #ERROR! | I16: =H16/450 -> #ERROR!
A17: 9 | B17: Rinda Ari Puspita, Amd. KG | D17: =C17/450 -> 0 | E17: =alasan!CR14 -> 0 | F17: =alasan!CS14 -> 0 | G17: =alasan!CT14 -> 0 | H17: =C17+[1]OKT!H17 -> #ERROR! | I17: =H17/450 -> #ERROR!
A18: 10 | B18: dr. Rizky Rachmat Kurniawan | D18: =C18/450 -> 0 | E18: =alasan!CR15 -> 1 | F18: =alasan!CS15 -> 1 | G18: =alasan!CT15 -> 0 | H18: =C18+[1]OKT!H18 -> #ERROR! | I18: =H18/450 -> #ERROR!
A19: 11 | B19: Supatemi, Amd.Keb | D19: =C19/450 -> 0 | E19: =alasan!CR16 -> 0 | F19: =alasan!CS16 -> 2 | G19: =alasan!CT16 -> 0 | H19: =C19+[1]OKT!H19 -> #ERROR! | I19: =H19/450 -> #ERROR!
A20: 12 | B20: Anik Sri Purwati, Amd. Keb. | D20: =C20/450 -> 0 | E20: =alasan!CR17 -> 0 | F20: =alasan!CS17 -> 0 | G20: =alasan!CT17 -> 1 | H20: =C20+[1]OKT!H20 -> #ERROR! | I20: =H20/450 -> #ERROR!
... A37: 29 | B37: Virda Nilayanti | D37: =C37/450 -> 0 | E37: =alasan!CR34 -> 0 | F37: =alasan!CS34 -> 1 | G37: =alasan!CT34 -> 0 | H37: =C37+[1]OKT!H37 -> #ERROR! | I37: =H37/450 -> #ERROR!
A38: 30 | B38: Desi Natalia, SST | E38: =alasan!CR35 -> 0 | F38: =alasan!CS35 -> 1 | G38: =alasan!CT35 -> 0
A39: 31 | B39: Devi Ardianti, SE | E39: =alasan!CR36 -> 0 | F39: =alasan!CS36 -> 0 | G39: =alasan!CT36 -> 0
A40: 32 | B40: Vivi Juni Mega A, S.Tr.Keb | E40: =alasan!CR37 -> 0 | F40: =alasan!CS37 -> 0 | G40: =alasan!CT37 -> 0
A41: 33 | B41: Della Karisma Lutfiana, Amd. Gz | E41: =alasan!CR38 -> 0 | F41: =alasan!CS38 -> 0 | G41: =alasan!CT38 -> 2
A42: 34 | B42: Slamet Riadi | E42: =alasan!CR39 -> 0 | F42: =alasan!CS39 -> 0 | G42: =alasan!CT39 -> 0
A43: 35 | B43: Anita Sumariati | E43: =alasan!CR40 -> 0 | F43: =alasan!CS40 -> 0 | G43: =alasan!CT40 -> 0
A44: 36 | B44: Mimin Asmawati | E44: =alasan!CR41 -> 0 | F44: =alasan!CS41 -> 0 | G44: =alasan!CT41 -> 0
A45: 37 | B45: Shindy Erlina Putri Pramujib | E45: =alasan!CR42 -> 0 | F45: =alasan!CS42 -> 0 | G45: =alasan!CT42 -> 0
A46: 38 | B46: Fitria Indriyani | E46: =alasan!CR43 -> 0 | F46: =alasan!CS43 -> 0 | G46: =alasan!CT43 -> 0
A47: 39 | B47: Cendy Santia KS, Amd AK | E47: =alasan!CR44 -> 1 | F47: =alasan!CS44 -> 1 | G47: =alasan!CT44 -> 0
A48: 40 | B48: Mistiani Saputri, Amd Kom | E48: =alasan!CR45 -> 13 | F48: =alasan!CS45 -> 0 | G48: =alasan!CT45 -> 0
A49: 41 | B49: Rani Rosita , Amd Keb | E49: =alasan!CR46 -> 0 | F49: =alasan!CS46 -> 0 | G49: =alasan!CT46 -> 1
... A51: 43 | B51: Shalikul Hadi, SKM | E51: =alasan!CR48 -> 0 | F51: =alasan!CS48 -> 0 | G51: =alasan!CT48 -> 0
I54: MENGETAHUI
I55: KEPALA UPTD PUSKESMAS KUNJANG
I59: dr. Durotun Nafisa
I60: NIP. 19750423 200212 2 005
